Legacy Source ID,Source Name,Canonical URL,Raw Source Class,Normalized Source Class,Organization Raw,Resolved Publisher Entity ID,Geography Raw,Coverage / What It Produces,Authority Type,Event Types Raw,Technology / Clues,Feed/API/ICS,Expected Ingestion Method,Discovery Value,Canonical Reliability,Ingestion Friendliness,Partner Potential,Raw Research Status,Raw Access Scope,Normalized Access Scope,Integrity / Migration Notes
SRC-0001,City of Hesperia Calendar,https://www.hesperiaca.gov/calendar.aspx,Municipal calendar,government_calendar,City of Hesperia,ENT-0235,Hesperia,"City special events, economic development items, civic meetings",First-party,"Civic, special events, cleanup/recycling, meetings",CivicEngage calendar; multiple selectable calendars,Unknown,Structured HTML / investigate underlying endpoints,5,5,4,High,Verified,,unknown,
SRC-0002,Hesperia Recreation & Park District Calendar,https://www.hesperiaparks.com/calendar/,Parks & recreation,other,Hesperia Recreation and Park District,ENT-0001,Hesperia,Large year-round recreation and community program calendar,First-party,"Concerts, festivals, sports, classes, markets, rodeo, meetings",WordPress-style event calendar; list/month/day/map views,Likely iCal / investigate,Structured HTML / calendar feed / source-specific parser,5,5,5,Very High,Verified,,unknown,
SRC-0003,Hesperia Recreation & Park District Events Page,https://www.hesperiaparks.com/events/,Organizer events page,other,Hesperia Recreation and Park District,ENT-0001,Hesperia,Signature annual and seasonal community events,First-party,"Movies, concerts, Hesperia Days, rodeo, dinners",Editorial landing page plus individual event pages,Unknown,Structured HTML; secondary verification/discovery,4,5,4,Very High,Verified,,unknown,
SRC-0004,Town of Apple Valley Calendar,https://applevalley.org/calendar/,Municipal calendar,government_calendar,Town of Apple Valley,ENT-0258,Apple Valley,Town events and closures,First-party,Civic and community events,Town website calendar,Unknown,Structured HTML / inspect calendar backend,5,5,3,High,Verified,,unknown,
SRC-0005,Apple Valley Parks & Recreation Calendar,https://teamsideline.com/sites/cityofapplevalley/calendar,Parks & recreation,other,Town of Apple Valley Parks & Recreation,ENT-0259,Apple Valley,"Sports schedules, leagues and recreation programs",First-party,"Adult/youth sports, games, recreation",TeamSideline calendar; explicit calendar subscription,Calendar subscription available,Calendar feed or structured TeamSideline extraction,5,5,5,High,Verified,,unknown,
SRC-0006,City of Barstow Calendar,https://www.barstowca.org/residents/calendar,Municipal calendar,government_calendar,City of Barstow,ENT-0234,Barstow,"City events, closures and public meetings",First-party,"Civic, cleanup, public meetings",Municipal calendar system,Unknown,Structured HTML / inspect backend,4,5,4,High,Verified,,unknown,
SRC-0007,City of Barstow Meeting List,https://www.barstowca.org/residents/advanced-components/calendar-meeting-list,Government meetings,government_calendar,City of Barstow,ENT-0234,Barstow,"Council, commission and committee meetings",First-party,Government meetings,Tabular meeting calendar,Unknown,Structured HTML,3,5,5,Medium,Verified,,unknown,
SRC-0008,San Bernardino County Regional Parks Events,https://parks.sbcounty.gov/events/,Regional parks,other,San Bernardino County Regional Parks,ENT-0253,San Bernardino County / High Desert,"Seasonal, annual and sponsored park events across county parks",First-party,"Camps, nature walks, fishing, family events, meetings",WordPress event calendar; venue-specific pages,Likely iCal / investigate,Structured event calendar; ingest countywide then geofilter,5,5,5,Very High,Verified,,unknown,
SRC-0009,Victor Valley Museum Events,https://museum.sbcounty.gov/venue/victor-valley-museum/,Museum / cultural venue,museum_calendar,San Bernardino County Museum,ENT-0251,Apple Valley,Museum programming at Victor Valley Museum,First-party,"Family programs, science, culture, workshops, astronomy",WordPress event calendar; venue and series metadata,Likely iCal / investigate,Structured event calendar,5,5,5,Very High,Verified,,unknown,
SRC-0010,San Bernardino County Library Events,https://library.sbcounty.gov/events/,Library system,library_calendar,San Bernardino County Library,ENT-0250,San Bernardino County / High Desert,Branch programming across the county,First-party,"Storytimes, crafts, clubs, family events, performances","WordPress event calendar with categories, series, venue pages",iCal export confirmed on event pages,Structured calendar / iCal / branch filters,5,5,5,Very High,Verified,,unknown,
SRC-0011,Apple Valley Branch Library Programs,https://library.sbcounty.gov/apple-valley-branch-program-calendar/,Library branch,library_calendar,San Bernardino County Library,ENT-0250,Apple Valley,Newton T. Bass branch programming,First-party,"Children, family, literacy, art",Branch-specific event series,iCal available via event system,Ingest through county library master feed/branch filter,4,5,5,High,Verified,,unknown,
SRC-0012,Hesperia Branch Library Programs,https://library.sbcounty.gov/hesperia-branch-programs/,Library branch,library_calendar,San Bernardino County Library,ENT-0250,Hesperia,Hesperia branch programming,First-party,"Books, seniors, youth, art, family",Branch-specific event series,iCal available via event system,Ingest through county library master feed/branch filter,4,5,5,High,Verified,,unknown,
SRC-0013,Adelanto Branch Library Programs,https://library.sbcounty.gov/adelanto-branch-programs-2/,Library branch,library_calendar,San Bernardino County Library,ENT-0250,Adelanto,Adelanto branch programming,First-party,"Storytime, crafts, performers, family",Branch-specific event series,iCal export confirmed,Ingest through county library master feed/branch filter,4,5,5,High,Verified,,unknown,
SRC-0014,Victorville City Library Programming,https://www.victorvilleca.gov/Government/City-Departments/Library/Library-Programming,Library / city department,library_calendar,City of Victorville Library,ENT-0237,Victorville,"Detailed weekly, monthly and special library programming",First-party,"Children, teen, adult, disability programs, crafts, movies",Editorial program page with recurring schedules,No feed found yet,Custom structured-page parser + recurrence expansion,5,5,3,Very High,Verified,,unknown,
SRC-0015,VVUHSD Community Events Calendar,https://www.vvuhsd.org/departments/educational-services/student-services/community-schools/event-calendar,School district community calendar,community_calendar,Victor Valley Union High School District,ENT-0264,Victorville / Adelanto / district,Community Schools and district events,First-party,"Community, school, district",Finalsite calendar,RSS and iCal explicitly available,RSS/iCal,5,5,5,High,Verified,,unknown,
SRC-0016,Adelanto High School Calendar,https://ahs.vvuhsd.org/calendar,School calendar,other,Victor Valley Union High School District,ENT-0264,Adelanto,School events plus athletics and ASB calendar links,First-party,"School, athletics, student activities",Finalsite calendar,RSS and iCal explicitly available,RSS/iCal,3,5,5,Medium,Verified,,unknown,
SRC-0017,Greater High Desert Chamber Community Calendar,https://members.ghdcc.com/events/,Community aggregator / chamber,chamber_calendar,Greater High Desert Chamber of Commerce,ENT-0011,Victor Valley / High Desert,Community-submitted events plus chamber activities,Aggregator + first-party chamber,"Business, festivals, workshops, fundraisers, community events",GrowthZone-style chamber calendar,Investigate feed/API,Structured HTML / platform-specific endpoint,5,4,4,Very High,Verified,,unknown,
SRC-0018,Victor Valley News Events,https://www.vvng.com/category/events/,Local media,other,Victor Valley News,ENT-0263,Victor Valley / High Desert,Editorial reporting on upcoming local events,Secondary/media,"Circus, festivals, park events, civic celebrations, museums",WordPress category/archive,RSS likely; investigate,RSS/article monitoring + event extraction,5,3,4,High,Verified,,unknown,
SRC-0019,Victor Valley College Upcoming Events,https://www.vvc.edu/upcoming-events-0,College,other,Victor Valley College,ENT-0012,Victorville,College-hosted upcoming events,First-party,"Education, campus, community",CMS event page,Unknown,Structured HTML / inspect related departmental calendars,4,5,3,High,Verified,,unknown,
SRC-0020,Adelanto Plaza & Event Center,https://www.adelantoplaza.com/,Major event venue,venue_page,Adelanto Plaza & Event Center,ENT-0014,Adelanto,"Concerts, motorsports, festivals, expos, large public events",First-party,"Music, motorsports, festivals, expos, cultural events",Custom venue site with upcoming-event listings and ticket links,No feed found yet,Structured HTML / event-page extraction / ticket-link recursion,5,5,4,Very High,Verified,,unknown,
SRC-0021,Victor Valley Community Concert Association,https://vvcca.org/concerts/,Performing arts presenter,other,Victor Valley Community Concert Association,ENT-0015,Victorville,Seasonal professional concert series at VVC Performing Arts Center,First-party,"Classical, vocal, touring professional music",WordPress-style concert pages plus Agile Ticketing backend,Ticketing catalog available,Structured HTML + Agile Ticketing extraction,5,5,5,Very High,Verified,,unknown,
SRC-0022,Victor Valley Community Concert Association Ticketing,https://prod5.agileticketing.net/websales/pages/list.aspx?epguid=2e3a3de4-3dc1-4167-a273-46734c849af7,Ticketing platform,ticketing_platform,Victor Valley Community Concert Association,ENT-0015,Victorville,Machine-readable-ish ticket catalog for VVCCA concerts,First-party ticketing,Performing arts concerts,Agile Ticketing web sales platform,Platform-specific endpoint,Platform-specific scraper / structured extraction,4,5,5,Medium,Verified,,unknown,
SRC-0023,Victor Valley College Performing Arts Center,https://www.vvc.edu/performing-arts-center,Performing arts venue,venue_page,Victor Valley College,ENT-0012,Victorville,"College/community theater, concerts, dance, lectures, special events",First-party,"Theater, dance, concerts, lectures, community performances",College CMS; separate tickets page,Investigate ticket backend,Structured HTML + ticketing recursion,5,5,4,Very High,Verified,,unknown,
SRC-0024,Hilltop Tavern & Inn Entertainment,https://hilltoptavernandinn.com/entertainment/,Live entertainment venue,venue_page,Hilltop Tavern & Inn,ENT-0017,Apple Valley,Frequent ticketed live entertainment and comedy,First-party,"Live music, tribute acts, comedy, special shows",WordPress/event listings with ticket links,No feed found yet,Structured HTML / event extraction / ticket link recursion,5,5,4,Very High,Verified,,unknown,
SRC-0025,Cross Eyed Cow Pizza Events,https://crosseyedcowpizza.com/events,Restaurant / live entertainment venue,venue_page,Cross Eyed Cow Pizza,ENT-0018,Oro Grande,"Live local bands, karaoke, car shows, street events, community/art events",First-party,"Live music, karaoke, car shows, community events",Restaurant event page,No feed found yet,Structured HTML / page monitoring,5,5,4,High,Verified,,unknown,
SRC-0026,Town's End Events,https://townsendbarandgrill.com/events-at-towns-end/,Restaurant / entertainment venue,venue_page,Town's End Bar and Grill,ENT-0019,Apple Valley,Live music and expanding concert/private-event programming,First-party,"Live music, distillery tours, special events",Restaurant website event page,No feed found yet,Page monitoring + musician/promoter cross-checking,4,5,2,High,Verified,,unknown,
SRC-0027,Village Grind & Wine Events,https://www.wrightwoodrestaurant.com/event-list,Restaurant / entertainment venue,venue_page,Village Grind & Wine Cellar,ENT-0020,Wrightwood,"Concerts, wine club, dinners, seasonal and holiday events",First-party,"Live music, food/wine, seasonal community events",Wix Events-style structured listing,No obvious public feed,Structured HTML / Wix event extraction,5,5,4,Very High,Verified,,unknown,
SRC-0028,Groove Hunters Upcoming Shows,https://www.groovehunters.com/event-list,Performer calendar,other,Groove Hunters,ENT-0021,High Desert / regional,Performer gig calendar exposing many local entertainment venues,Secondary performer source,Live music,Wix Events-style listing,No feed found yet,Structured HTML; use for discovery and cross-verification,5,4,4,High,Verified,,unknown,
SRC-0029,Hesperia Leisure League,https://www.blpublishing.net/hesperialeisureleague,Community recreation / social club,other,Hesperia Leisure League,ENT-0022,Hesperia,"Bingo, recurring social programs, occasional live music/events",First-party-ish program site,"Bingo, senior/social, live music",Editorial page / printed-program companion,No feed found,Page monitoring + partner performer sources,4,4,2,High,Verified,,unknown,
SRC-0030,High Desert Astronomical Society / Night Sky Network,https://nightsky.jpl.nasa.gov/clubs/hidas/home/,Community science organization,other,High Desert Astronomical Society,ENT-0023,Apple Valley / High Desert,"Public star parties, astronomy outreach, museum partnership events",First-party organization via NASA Night Sky Network,"Astronomy, science, family events",Night Sky Network club + events system,Platform event pages,Structured platform monitoring; inspect event list endpoint,5,5,4,Very High,Verified,,unknown,
SRC-0031,Rotary Club of Apple Valley Calendar,https://avrotary.org/programs-events/calendar/,Civic/service club,other,Rotary Club of Apple Valley,ENT-0247,Apple Valley,Weekly meetings and club/community events,First-party,"Civic/service, networking, meetings",Club website calendar,Unknown,Structured HTML / page parser,4,5,4,High,Verified,,unknown,
SRC-0032,Eventbrite Victorville Comedy Discovery,https://www.eventbrite.com/b/ca--victorville/arts/comedy/,Event discovery platform,event_aggregator,Eventbrite,ENT-0240,Victor Valley / nearby,Commercial and creator-listed comedy/entertainment events; venue discovery,Aggregator/platform,"Comedy, paint & sip, wrestling, entertainment",Eventbrite search/discovery,API access uncertain for broad discovery,Discovery only unless permitted API/feed path established,5,3,2,High,Verified,,unknown,
SRC-0033,Linebreakers Event Tickets,https://www.comicbooksurplus.com/collections/event-tickets,Game/comic store event catalog,other,"Linebreakers | Games, Cards, Comics",ENT-0031,Victorville,"Organized tabletop play, TCG events, Warhammer, Blood Bowl, HeroScape and store events",First-party,"Tabletop gaming, TCG, miniatures, hobby events",Shopify collection used as event-ticket catalog,No feed found yet,Structured Shopify collection/product extraction,5,5,5,Very High,Verified,,unknown,
SRC-0034,YesTCG Inland Empire Events,https://yestcg.com/inland-empire/events,Gaming event aggregator,event_aggregator,YesTCG,ENT-0265,Inland Empire / High Desert,"TCG tournament and league discovery across game stores, including Linebreakers and Paladin's Rest",Aggregator/platform,"Magic, Pokémon, One Piece, Gundam, Lorcana, Riftbound and other TCGs",Structured event-discovery platform,Platform data,Discovery feed / venue recursion / cross-verification,5,3,5,High,Verified,,unknown,
SRC-0035,Baseball & Games TCG Events,https://cardboard2.com/lgs/3307,Game-store event aggregator,event_aggregator,Baseball & Games,ENT-0032,Hesperia,Upcoming One Piece and other organized-play events at Baseball & Games,Secondary structured platform,TCG tournaments,Cardboard2 / Bandai TCG+ derived listing,Platform data,Discovery and structured extraction; recurse to publisher/store sources,4,4,5,High,Verified,,unknown,
SRC-0036,Sevens Goods / Paladin's Rest TCG Events,https://cardboard2.com/lgs/3318,Game-store event aggregator,event_aggregator,Sevens Goods and The Paladin's Rest,ENT-0033,Hesperia,Recurring One Piece tournaments and store-organized play,Secondary structured platform,TCG tournaments,Cardboard2 / Bandai TCG+ derived listing,Platform data,Structured extraction / discovery / source reconciliation,5,4,5,Very High,Verified,,unknown,
SRC-0037,Paladin's Rest TavernFinder Schedule,https://tavernfinder.com/en/venues/sevens-goods-the-paladin-s-rest-hesperia,Game-store event aggregator,event_aggregator,Sevens Goods and The Paladin's Rest,ENT-0033,Hesperia,Magic and Pokémon organized play schedule,Secondary structured platform,"Magic, Pokémon, TCG tournaments",TavernFinder structured venue/event page,Platform data,Structured extraction / cross-verification,5,4,5,High,Verified,,unknown,
SRC-0038,Comic Cult HD,https://www.comiccult.com/,Comic/game store,other,Comic Cult HD,ENT-0034,Hesperia,Comics and tabletop community; sanctioned play potential,First-party business,"Comics, Magic, Pokémon, HeroClix / tabletop",Simple business website,No public event feed found,Monitor site + social + publisher event locators,3,5,1,High,Verified,,unknown,
SRC-0039,The Hot Spot Studios — High Desert,https://www.thehotspotstudios.com/high-desert-victorville-ca/,Creative studio / experiential venue,venue_page,The Hot Spot Studios,ENT-0035,Victorville,"Pottery, canvas, candle and creative gatherings; Sip & Create; private/community events",First-party,"Arts & crafts, creative experiences, fundraisers, parties",Location page with booking/inquiry workflows,No event feed,Experience catalog / booking-source monitoring; social for dated events,4,5,2,High,Verified,,unknown,
SRC-0040,Green Tree Golf Club — Golf Outings,https://victorvillegolf.com/golf-outings/,Sports / event venue,venue_page,Green Tree Golf Club,ENT-0036,Victorville,"Charity tournaments, corporate outings and organized group golf events",First-party,"Golf tournaments, charity events, corporate outings",Marketing/booking page,No public calendar found,Partner/venue registry + organizer/event discovery from local calendars,4,5,1,High,Verified,,unknown,
SRC-0041,Apple Valley Gun Club Calendar,https://applevalleygunclub.com/calendar-of-events/,Sports club calendar,other,Apple Valley Gun Club,ENT-0037,Victorville / Apple Valley area,"Dense public calendar of matches, open shoots, archery, junior programs, club meetings and training",First-party,"Shooting sports, archery, youth sports, club meetings, training",Embedded/structured monthly calendar with detailed recurrence,Eventbrite links for some events,Structured calendar parser + recurrence normalization,5,5,5,High,Verified,,unknown,
SRC-0042,Hesperia Community Church,https://hesperiacommunitychurch.org/,Church / community organization,faith_calendar,Hesperia Community Church,ENT-0038,Hesperia,"Weekly worship, midweek programs, adult/student/senior activities and monthly community activities",First-party,"Faith, community, youth, education, service",Church site plus mobile app,Embedded calendar + Eventbrite used for some special events,Embedded calendar monitoring + recurring schedule normalization + Eventbrite cross-check,4,5,2,High,Verified,Public,public,
SRC-0043,Calvary Chapel Apple Valley E-Bulletin,https://calvaryav.org/index.php/e-bulletin,Church bulletin / calendar,faith_calendar,Calvary Chapel Apple Valley,ENT-0039,Apple Valley,Dense weekly schedule plus church calendar and event signup,First-party,"Faith, youth, young adults, classes, food pantry, fellowships, community service",Calendar-like e-bulletin page with recurring schedule,Links to full church calendar / signup,Structured page monitoring + recurring schedule extraction,5,5,4,High,Verified,,unknown,
SRC-0044,Saint Mary Coptic Orthodox Church Calendar,https://www.stmarychurchvv.com/calendar-of-events/,Church calendar,faith_calendar,Saint Mary Coptic Orthodox Church,ENT-0040,Victorville,"Regular services, feasts and church activities",First-party,"Faith, cultural/religious observances, community activities",Structured monthly calendar,Unknown,Structured calendar extraction,4,5,5,High,Verified,,unknown,
SRC-0045,Armenian Apostolic Church of High Desert,https://aachd.com/,Church / community calendar,faith_calendar,Armenian Apostolic Church of High Desert,ENT-0041,Hesperia,Religious services plus community-submitted events,First-party,"Faith, Armenian cultural/community events",Site includes Events Calendar and Add Event workflow,Public event submission workflow,Calendar extraction + partner/submission relationship,5,5,4,Very High,Verified,,unknown,
SRC-0046,High Desert Church Events,https://www.highdesertchurch.com/event/hdcs-first-65-years,Church event system,faith_calendar,High Desert Church,ENT-0042,Victorville / Apple Valley / Hesperia / Phelan,"Multi-campus church events, student programs, groups and special presentations",First-party,"Faith, youth, family, groups, community",Dedicated event-detail system with Sync to Calendar,Calendar sync on event pages,Event-page discovery + inspect listing/calendar endpoints,5,5,4,Very High,Verified,,unknown,
SRC-0047,Apple Valley Church of the Nazarene — Upcoming Events,https://avnaz.org/,Church / recurring programs,faith_calendar,Apple Valley Church of the Nazarene,ENT-0043,Apple Valley,"Dense list of recurring groups, studies, pickleball and special church/community activities",First-party,"Faith, family, support groups, recreation, social events",Homepage upcoming-events block + church app,App available,Page/app monitoring + recurring schedule normalization,4,5,3,High,Verified,,unknown,
SRC-0048,Victor Bowl,https://victorbowl.com/,Bowling / recreation venue,venue_page,Victor Bowl,ENT-0045,Victorville,"Bowling leagues, clubs, specials, tournaments, parties and cosmic bowling",First-party,"Bowling leagues, tournaments, social recreation",Business site with Leagues & Clubs and Specials & Events sections,No feed found yet,Structured page monitoring + league/tournament recursion,4,5,3,High,Verified,,unknown,
SRC-0049,Mojave River Valley Horsemen's Association,https://mrvha.com/,Equestrian club calendar,other,Mojave River Valley Horsemen's Association,ENT-0046,Apple Valley,"Horse shows, gymkhana, obstacle challenges, bingo and club events",First-party,"Equestrian, horse shows, gymkhana, social fundraisers",Simple first-party schedule page,No feed found,Structured/editorial schedule parsing,5,5,4,Very High,Verified,,unknown,
SRC-0050,HD BMX / USA BMX Track,https://www.usabmx.com/tracks/ca-hd-bmx/contact,BMX track / sanctioning platform,other,HD BMX,ENT-0047,Hesperia,"Local BMX races, practices, state qualifiers and special points races",First-party sanctioning platform,"BMX racing, youth sports, competitions",USA BMX track profile with upcoming events and individual event pages,Structured platform,USA BMX structured event extraction,5,5,5,Very High,Verified,,unknown,
SRC-0051,Hesperia Parks — Youth & Adult Sports,https://hesperiaparks.gov/recreation-activities/youth-adult-sports/,Sports ecosystem directory,directory,Hesperia Recreation and Park District,ENT-0001,Hesperia,"Directory of local leagues and sports organizations including AYSO, youth football and HD BMX",First-party municipal/district,"Youth soccer, football, cheer, BMX and other sports",Editorial directory linking external organizations,Outbound partner links,Discovery directory / recurse to each league source,5,5,4,Very High,Verified,,unknown,
SRC-0052,Victor Valley Christian Church Events,https://vvcc.com/events,Church event calendar,faith_calendar,Victor Valley Christian Church,ENT-0049,Hesperia,Upcoming and weekly church/community events,First-party,"Faith, youth, family, community gatherings",Dedicated events page plus app,Unknown,Structured page monitoring / recurring-program normalization,4,5,4,High,Verified,,unknown,
SRC-0053,Praise Chapel Apple Valley Events,https://praisechapelapplevalley.com/events/,Church / community event calendar,faith_calendar,Praise Chapel Apple Valley,ENT-0050,Apple Valley / High Desert,"Outreach, discipleship, youth nights, Bible studies, trunk-or-treat and free community events",First-party,"Faith, outreach, youth, family, community service",Dedicated events page with dated and recurring events,No feed found,Structured page parsing + recurrence normalization,5,5,4,High,Verified,,unknown,
SRC-0054,Thunderbird Square Dance Club,https://www.thunderbirdsquaredanceclub.com/,Dance club / recurring classes,recurring_schedule,Thunderbird Square Dance Club,ENT-0051,Apple Valley,Weekly square dancing and line dancing classes plus club activities,First-party,"Dance, classes, social recreation",Simple recurring-schedule website,No feed found,Recurring schedule extraction + social monitoring,4,5,3,High,Verified,,unknown,
SRC-0055,San Bernardino County Public Health — Community Resources,https://dph.sbcounty.gov/community-resources/,Community service schedule directory,directory,San Bernardino County Department of Public Health,ENT-0134,High Desert / county,Recurring food-distribution and community-resource schedules across churches and organizations,First-party government directory,"Food distribution, community assistance, service events",Tabular resource directory with recurrence and addresses,No event feed,Structured table extraction; recurse to listed organizations,5,5,5,Very High,Verified,,unknown,
SRC-0056,Victor Elementary School District Family Resource Center — Community Resources,https://frc.vesd.net/resources,Community resource directory,directory,Victor Elementary School District Family Resource Center,ENT-0262,Victor Valley,Local recurring food pantry/service schedules and community organizations,First-party education/community resource,"Food pantries, assistance, community service",Editorial resource directory,No feed found,Structured page extraction / organization recursion,4,5,4,High,Verified,,unknown,
SRC-0057,Rusty Bull Roadhouse,https://www.therustybull.com/,Restaurant / live music venue,venue_page,Rusty Bull Roadhouse,ENT-0025,Apple Valley,"Restaurant, weekly specials and confirmed live-music venue activity",First-party,"Live music, dining, social events",Business website; live music corroborated by performer calendars and maps,No event calendar found,First-party entity + performer/social monitoring for dates,4,5,2,High,Verified,,unknown,
SRC-0058,Hesperia Heat AYSO Region 878,https://www.hesperiaayso.org/,Youth sports organization,sports_league,Hesperia Heat AYSO Region 878,ENT-0058,Hesperia / Oak Hills,"Soccer season dates, SoccerFest, registration, team schedules and region events",First-party,"Youth soccer, tournaments, picture days, meetings",SportsConnect/Blue Sombrero region site with embedded calendar,Embedded region calendar,Structured SportsConnect calendar / event extraction,5,5,4,Very High,Verified,,unknown,
SRC-0059,Hesperia Trojans Youth Football & Cheer,https://www.hesperiatrojans.com/,Youth sports organization,sports_league,Hesperia Trojans,ENT-0059,Hesperia / Oak Hills,"Season, practices, home games, football/cheer activities and sponsor/community events",First-party,"Youth football, cheer, competitions, community",Wix-style organization site + social channels,No formal feed found,Site/social monitoring + conference schedule recursion,5,5,3,Very High,Verified,,unknown,
SRC-0060,AYSO Region 665 Victor Valley,https://www.ayso665.org/,Youth sports organization,sports_league,AYSO Region 665,ENT-0060,Victor Valley,"Victor Valley youth soccer registration, opening day, EPIC events and region activities",First-party,"Youth soccer, opening day, festivals, training/volunteer events",SportsConnect/Blue Sombrero region site,Likely embedded calendar,Structured SportsConnect extraction,4,5,4,High,Verified,,unknown,
SRC-0061,Apple Valley Facility Rentals Directory,https://applevalley.org/parks-and-recreation/facility-rentals/,Municipal venue directory,venue_page,Town of Apple Valley,ENT-0258,Apple Valley,"Directory of event-capable town facilities: conference center, Woody auditorium, Town Hall Recreation Center, Singh Center, Aquatics Center",First-party,"Meetings, weddings, sporting events, social gatherings, performances",Municipal facility directory,No event feed,Venue discovery source / recurse to organizers and town event pages,5,5,5,Very High,Verified,,unknown,
SRC-0062,The Singh Center for the Arts,https://applevalley.org/parks-and-recreation/facility-rentals/the-singh-center-facility-rental/,Arts / civic venue,venue_page,Town of Apple Valley,ENT-0258,Apple Valley,"Performances, civic events, meetings and rentals across theaters/studio/lobby",First-party,"Performing arts, civic, community, meetings",Municipal facility page; county venue pages also expose events,No master venue feed found,Venue entity + town/county event-source recursion,5,5,3,Very High,Verified,,unknown,
SRC-0063,Apple Valley Conference Center,https://applevalley.org/parks-and-recreation/facility-rentals/apple-valley-conferene-center-facility-rental/,Conference / civic venue,venue_page,Town of Apple Valley,ENT-0258,Apple Valley,"Conferences, trainings, meetings, banquets and public gatherings",First-party,"Business, professional training, civic, social",Municipal facility page; organizers publish events independently,No feed found,Venue monitoring + organizer/ticketing recursion,4,5,2,Very High,Verified,,unknown,
SRC-0064,Town Hall Recreation Center,https://applevalley.org/parks-and-recreation/facility-rentals/town-hall-recreation-center-facility-rental/,Recreation / community venue,venue_page,Town of Apple Valley,ENT-0258,Apple Valley,"Classes, camps, meetings and community/social events",First-party,"Recreation, classes, camps, meetings, social",Municipal facility page,No feed found,Town program pages + magazine/calendar extraction,4,5,2,High,Verified,,unknown,
SRC-0065,High Desert Second Chance Recurring Services,https://dph.sbcounty.gov/community-resources/,Nonprofit / service schedule,nonprofit_calendar,High Desert Second Chance,ENT-0064,Hesperia,"Emergency pantry, Saturday drive-through, monthly USDA and senior distributions, plus occasional galas/community events",County-verified recurring schedule,"Food distribution, nonprofit events, fundraisers, community services",County schedule plus secondary event platforms,No dedicated robust event calendar found,County recurring schedule + secondary event discovery + social monitoring,5,5,4,Very High,Verified,,unknown,
SRC-0066,Rescue Mission Alliance Valley Food Bank — Direct Assistance,https://valleyfoodbank.org/direct-assistance/,Community service schedule,other,Rescue Mission Alliance / Victor Valley Rescue Mission,ENT-0065,Victorville / Adelanto / Apple Valley,"Community dinners, food pantries, grocery assistance and recurring distributions across partner sites",First-party nonprofit,"Food distribution, meals, community assistance",Structured editorial schedule listing multiple partner venues,No feed found,Structured recurring schedule extraction + partner recursion,5,5,5,Very High,Verified,,unknown,Primary publisher selected during entity-resolution pass; compound raw publisher label retained in Organization Raw.
SRC-0067,San Bernardino County First District Venue/Event Pages,https://bosd1.sbcounty.gov/venue/singh-center-for-the-arts/,County official venue/event index,government_calendar,San Bernardino County First District Supervisor,ENT-0138,First District / High Desert,County-promoted events organized around local venues such as Singh Center,First-party government,"Civic, community, resource fairs, town halls",WordPress/The Events Calendar-style venue pages,Likely iCal capability; inspect,Structured venue/event extraction,4,5,5,High,Verified,,unknown,
SRC-0068,New Life Chapel Events,https://www.newlifechapel.com/events,Church event system,faith_calendar,New Life Chapel,ENT-0067,Hesperia,"Dedicated upcoming-events system plus ministries, classes and food ministry",First-party,"Faith, classes, youth, family, support groups, food ministry",Dedicated event pages with Sync to Calendar; mobile app,Calendar sync on event pages,Structured event-page extraction + app/social monitoring,5,5,4,Very High,Verified,,unknown,
SRC-0069,Spirit Filled Family Church Hesperia Calendar,https://hesperia.spiritfilledfamily.church/,Church event/calendar system,faith_calendar,Spirit Filled Family Church,ENT-0257,Hesperia,"Weekly services, food distribution, children's/youth programs, special conferences and community events",First-party,"Faith, youth, community, food distribution, conferences",Campus page with embedded calendar; Eventbrite used for some events,Embedded calendar,Calendar extraction + Eventbrite cross-check + recurrence normalization,5,5,4,Very High,Verified,,unknown,
SRC-0070,Holy Family Catholic Church Hesperia,https://www.holyfamilyhd.org/,Church calendar / recurring programs,faith_calendar,Holy Family Catholic Church,ENT-0069,Hesperia,"Parish calendar, recurring adoration, food distribution and church/community observances",First-party,"Faith, cultural/religious, food distribution, community",Parish website references online calendar; recurring schedule pages,Online calendar referenced,Calendar/page monitoring + recurring schedule extraction,5,5,4,High,Verified,,unknown,
SRC-0071,The Village in Apple Valley Events,https://avvillage.org/events/2026-happy-trails-event/,Business district / community event producer,other,The Village in Apple Valley PBID,ENT-0070,Apple Valley,"Happy Trails Street Fair & Car Show, district events and public PBID meetings",First-party,"Street fair, car show, business/community, civic meetings",WordPress event pages + board calendar/agendas,No feed confirmed,Structured page monitoring + annual-event recurrence,5,5,4,Very High,Verified,,unknown,
SRC-0072,Town of Apple Valley Our Town Magazine,https://applevalley.org/wp-content/uploads/2026/04/2026-our-town-summer-compliant.pdf,Municipal publication / event discovery,other,Town of Apple Valley,ENT-0258,Apple Valley,"Seasonal town events, classes, civic meetings, races and facility programming",First-party,"Civic, sports, recreation, community, arts",PDF community magazine,PDF only,PDF text extraction + event detection; use first-party event pages as canonical when available,5,5,3,High,Verified,,unknown,
SRC-0073,San Bernardino County Workforce Development High Desert Events,https://workforce.sbcounty.gov/,Government workforce event calendar,government_calendar,San Bernardino County Workforce Development Board,ENT-0073,High Desert / county,"Job fairs, recruitments, workshops, employer events and venue pages",First-party government,"Career, hiring, workshops, professional development",WordPress/The Events Calendar-style event system,Google Calendar + iCal export visible,Structured event calendar / venue and organizer feeds,5,5,5,Very High,Verified,,unknown,
SRC-0074,San Bernardino County Public Defender Events,https://pd.sbcounty.gov/events/,Government/community event calendar,government_calendar,San Bernardino County Public Defender,ENT-0074,San Bernardino County / High Desert,"Record-clearing clinics, job fair participation and community legal-resource events",First-party government,"Community resources, legal services, job fairs",WordPress/The Events Calendar-style system,Likely iCal,Structured calendar extraction / geographic filter,4,5,5,High,Verified,,unknown,
SRC-0075,AYSO Region 665 Field & Tournament Information,https://www.ayso665.org/Default.aspx?tabid=853421,Youth sports schedule/venue source,venue_page,AYSO Region 665,ENT-0060,Victorville,"Fall and spring field locations, schedules, annual Coyote Classic tournament",First-party,"Youth soccer, tournament, seasonal games",SportsConnect field directory and schedule ecosystem,Embedded team/field schedules,Structured SportsConnect extraction,5,5,5,Very High,Verified,,unknown,
SRC-0076,Victor Valley Community Services Council Calendar,https://www.vvcsc.com/,Senior/community services calendar,other,Victor Valley Community Services Council,ENT-0075,Victorville / Hesperia,"Senior activities, intergenerational events, shopping trips, food-pantry trips, fitness and social programs",First-party,"Senior, intergenerational, wellness, social, transportation-assisted activities",Editorial monthly calendar,No feed found,Structured/editorial schedule extraction,5,5,4,Very High,Verified,,unknown,
SRC-0077,San Bernardino County Certified Farmers Markets Directory,https://awm.sbcounty.gov/certified-farmers-markets-locations/,Government market directory,government_calendar,San Bernardino County Agriculture/Weights & Measures,ENT-0248,High Desert / county,"Certified farmers market locations, days, hours and seasonal operation",First-party government,"Farmers markets, food/community markets","Structured directory with addresses, schedules and contact info",No feed found,Structured table/directory extraction,5,5,5,Very High,Verified,,unknown,
SRC-0078,San Bernardino County Environmental Health Farmers Market Events,https://ehs.sbcounty.gov/event/victor-valley-museum-farmers-market/2026-09-20/,Government event series,government_calendar,San Bernardino County Environmental Health Services,ENT-0249,Apple Valley / High Desert,Dated farmers-market event series and venue records,First-party government,"Farmers markets, temporary food facilities, community markets",The Events Calendar-style event system,Google Calendar + iCal export,Structured event/series extraction,5,5,5,Very High,Verified,,unknown,
SRC-0079,Our-HD High Desert Events,https://our-hd.com/events/,Local media/community calendar,community_calendar,Our-HD,ENT-0080,High Desert,Regional event calendar plus community-life coverage,Secondary/local media,"Civic, festivals, open houses, sports, parades, community events",WordPress/The Events Calendar-style system,Likely iCal,Structured event calendar + discovery recursion,5,4,5,Very High,Verified,,unknown,
SRC-0080,The Mall of Victor Valley Events,https://www.themallofvictorvalley.com/Events,Shopping center / event venue,venue_page,The Mall of Victor Valley,ENT-0081,Victorville,"Health fairs, promotions, family events and partner activations",First-party venue,"Health, retail, family, community, promotional events",Mall event-detail system,No feed confirmed,Structured event-page monitoring,4,5,4,High,Verified,,unknown,
SRC-0081,High Desert Marines Upcoming Events,https://www.highdesertmarines.com/upcoming-events/,Veterans/service organization,other,High Desert Marines,ENT-0082,Victor Valley,"Car shows, Marine Corps celebrations, home-show participation and veterans/community events",First-party,"Veterans, car shows, community, military heritage",Simple upcoming-events page,No feed found,Structured/editorial page monitoring,5,5,4,Very High,Verified,,unknown,
SRC-0082,Today's Woman Foundation Events/Gala,https://todayswomanfoundation.org/tickets/,Nonprofit event producer,nonprofit_calendar,Today's Woman Foundation,ENT-0083,Victorville / High Desert,Annual gala and women's community programming,First-party nonprofit,"Fundraisers, gala, women's leadership, community",Dedicated gala/ticket page,Ticketing/form workflow,Page monitoring + annual-event recurrence,5,5,4,Very High,Verified,,unknown,
SRC-0083,Poised-N-Polished Events,https://poisednpolishedcorp.org/,Nonprofit event producer,nonprofit_calendar,Poised-N-Polished,ENT-0084,Victorville / High Desert,"Annual Warriors Wear Pink Gala, wellness/community programs and volunteer activity",First-party nonprofit,"Fundraisers, wellness, women's community events",Organization website with event announcements,No calendar feed found,Page/social monitoring + annual-event recurrence,4,5,3,High,Verified,,unknown,
SRC-0084,Triumph Foundation Event Calendar,https://triumph-foundation.org/events/,Adaptive recreation nonprofit calendar,nonprofit_calendar,Triumph Foundation,ENT-0085,Regional / Apple Valley-Victorville event participation,"Adaptive recreation clinics and social events, including local Apple Valley Gun Club partnership",First-party nonprofit,"Adaptive sports, disability community, recreation",Structured event calendar,Likely iCal / event plugin,Structured event extraction + geographic filtering,4,5,5,High,Verified,,unknown,
SRC-0085,Dance Dynamics Studios,https://dancedynamicsstudios.com/,Dance school / performance producer,other,Dance Dynamics Studios,ENT-0086,Hesperia,"Seasonal dance, cheer, acro and drama classes; likely recitals/performances",First-party,"Dance, cheer, acro, drama, youth arts",Studio website with season schedules,No event calendar found,Schedule monitoring + recital/performance recursion,3,5,2,High,Verified,,unknown,
SRC-0086,The Dance Scene,https://www.thedancescene.com/,Dance school / performance producer,other,The Dance Scene,ENT-0087,Victorville,Year-round dance instruction and likely recitals/showcases,First-party,"Dance, performing arts, youth arts",Studio website with seasonal schedule,No public event feed found,Schedule/social monitoring + performance recursion,3,5,2,High,Verified,,unknown,
SRC-0087,Victorville Senior Citizens Club Calendar,https://www.victorvilleseniorcitizensclub.com/calender,Senior center / activity calendar,other,Victorville Senior Citizens Club,ENT-0088,Victorville,"Monthly bingo, health fairs, arts & crafts, family nights, talks and hall-based activities",First-party,"Senior, bingo, health, arts/crafts, family social",Dedicated monthly calendar page,No feed found,Structured/editorial monthly calendar extraction,5,5,4,Very High,Verified,,unknown,
SRC-0088,Apple Valley Senior Citizens Club,https://www.avseniorclub.com/,Senior center / recurring activities,recurring_schedule,Apple Valley Senior Citizens Club,ENT-0089,Apple Valley,"Bingo, bunco, dancing, cards, pool, crafts, book discussions, exercise, concerts and shows",First-party,"Senior, social, games, dance, arts, fitness",Club site with recurring activity schedule,No feed found,Recurring schedule extraction,5,5,3,Very High,Verified,,unknown,
SRC-0089,Solstice at Apple Valley Activities & Events,https://solsticeseniorlivingapplevalley.com/our-community/activities-events/,Senior-living activity calendar,other,Solstice Senior Living at Apple Valley,ENT-0090,Apple Valley,"Daily classes, excursions, social programs and resident/community activities",First-party,"Senior, wellness, excursions, social, classes",Daily activity-calendar program,Activity calendar,Calendar/document monitoring; determine public-vs-resident eligibility,4,5,3,High,Verified,Mixed,mixed,
SRC-0090,Hesperia Music Academy Calendar,https://hesperiamusicacademy.com/calendar/,Music school calendar,other,Hesperia Music Academy,ENT-0091,Hesperia,"Recitals, music challenges, school closures and performance milestones",First-party,"Music education, recitals, youth/family arts",Dedicated calendar with downloadable annual calendars,Downloadable 2026/2027 calendar,Structured page + downloadable calendar parsing,5,5,5,Very High,Verified,,unknown,
SRC-0091,High Desert Hispanic Chamber of Commerce Events,https://hdhcc.org/,Business association / event producer,association_calendar,High Desert Hispanic Chamber of Commerce,ENT-0092,High Desert,"Cafecito breakfasts, business dinners, market conference, Fiesta 5K, networking and cultural/business events",First-party,"Business networking, conference, 5K, cultural/business",Homepage event listings + ticket links,No general feed confirmed,Structured page monitoring + ticket-link recursion,5,5,4,Very High,Verified,,unknown,
SRC-0092,FORGE Foundation Events & Programs,https://forgevv.org/events,Nonprofit event calendar,nonprofit_calendar,FORGE Foundation,ENT-0093,Victorville / Apple Valley,"Weekly food distribution, monthly community day/town hall, youth, family, career, wellness and seasonal events",First-party nonprofit,"Community service, youth, family, career, wellness, arts, outreach",Dedicated 2026 event/program calendar with Add to Calendar,Calendar links available,Structured event-page extraction + recurrence normalization,5,5,5,Very High,Verified,,unknown,
SRC-0093,Off The Grid Brewery — Events & Trucks,https://otgbrew.com/,Brewery / nightlife event schedule,other,Off The Grid Brewery,ENT-0094,Apple Valley,"Dated food-truck visits, comedy, paint night, Oktoberfest, Halloween party and trivia",First-party,"Brewery, comedy, trivia, paint night, food trucks, seasonal parties",First-party homepage Events & Trucks schedule,No feed found,Structured/editorial schedule extraction,5,5,4,Very High,Verified,,unknown,
SRC-0094,Better Days High Desert,https://betterdayshd.com/,Lounge / nightlife producer,other,Better Days,ENT-0095,Apple Valley,"Live music, themed parties, karaoke, open mic and special entertainment",First-party,"Live music, karaoke, open mic, nightlife, themed parties",Business site explicitly describing event program; dated schedule likely social/embedded,No public feed found,First-party event-program source + social/date monitoring,5,5,2,Very High,Verified,,unknown,
SRC-0095,HEIR Cafe & Events,https://heir7.com/,Cafe / community event venue,venue_page,HEIR Cafe & Events,ENT-0096,Victorville,"Karaoke, paint & sip, creative workshops, live music/smooth jazz, fish-fry music nights, high tea and watch parties",First-party,"Karaoke, live music, creative, food/social, watch parties",First-party activities/events pages,No feed confirmed,Activity-page monitoring + dated-event extraction/social recursion,5,5,3,Very High,Verified,,unknown,
SRC-0096,3rd Strike Beer Co. Trivia / Events,https://www.3rdstrikebeer.com/,Brewery / nightlife producer,other,3rd Strike Beer Co.,ENT-0097,Hesperia,"Weekly trivia, car-club cruise-ins, food trucks, blood drives and brewery events",First-party venue + structured secondary event platforms,"Trivia, brewery, car culture, blood drives, social",First-party site plus Eventbrite/Outgoing/LifeStream structured listings,Eventbrite / platform listings,Venue monitoring + structured platform cross-check,5,5,4,Very High,Verified,,unknown,
SRC-0097,VFW Post 2924 Joshua Palms — Karaoke Events,https://events.yodel.today/hesperia-ca/event/VFW-Post-2924--Joshua-Palms--Hesperia/Karaoke-with-DJ-Pete/6a0e79aa504fc84a60927f49,Veterans / nightlife event source,other,VFW Post 2924 Joshua Palms,ENT-0098,Hesperia,Recurring Friday/Saturday live karaoke and veterans/community social events,Secondary structured event source tied to venue Facebook,"Veterans, karaoke, family social, nightlife",Yodel event aggregation from VFW Facebook source,Facebook-derived,Social/Yodel monitoring; locate primary VFW page/calendar,5,3,4,High,Verified,,unknown,
SRC-0098,High Desert Cruise Nights,https://www.idrivesocal.com/events/high-desert-car-club-cruise-nights,Car-club / recurring event listing,recurring_schedule,High Desert car-club community,ENT-0269,Hesperia,Monthly cruise nights at Charleys Cheesesteak and Wings,Secondary automotive event platform,"Car culture, cruise night, community",Structured recurring event listing with future dates,Structured event page,Structured extraction + organizer/venue recursion,5,4,5,High,Verified,,unknown,Primary publisher selected during entity-resolution pass; compound raw publisher label retained in Organization Raw.
SRC-0099,LifeStream City of Hesperia Blood Drives,https://www.lstream.org/hesperia/,Blood-drive event directory,directory,LifeStream Blood Bank,ENT-0100,Hesperia,"Dated blood drives at city facilities, schools, churches and businesses",First-party healthcare nonprofit,"Blood drives, health/community service","Structured drive table with date, venue, hours and appointment link",Appointment system,Structured table extraction,5,5,5,Very High,Verified,Public,public,
SRC-0100,FORGE Foundation Programs,https://forgevv.org/programs,Nonprofit recurring-program source,nonprofit_calendar,FORGE Foundation,ENT-0093,Victorville,"Food distribution, gardening classes, support groups, wellness, arts/culture and workforce programs",First-party nonprofit,"Community service, wellness, support groups, arts, workforce",Structured program page with recurring cadence,No feed required,Recurring program extraction,5,5,5,Very High,Verified,,unknown,
SRC-0101,DAV Chapter 92 — Bill Kinnard,https://dav92.org/,Veterans organization / event & service source,other,Disabled American Veterans Chapter 92,ENT-0101,Victorville,"Chapter meetings, service-officer visits, weekly food pantry, outreach and veteran/community events",First-party,"Veterans, food distribution, meetings, benefits assistance, outreach",First-party site with View Events links plus DAV chapter event system,Structured DAV event listings,First-party event/page extraction + DAV platform cross-check,5,5,5,Very High,Verified,Public with eligibility,public_with_eligibility,
SRC-0102,High Desert Vet Center,https://www.va.gov/high-desert-vet-center/,Veterans services / group schedule,other,U.S. Department of Veterans Affairs,ENT-0260,Victorville,"Veteran/family counseling, ongoing groups and satellite/service programming",First-party government,"Veterans, support groups, counseling, community services",VA location page with ongoing-group spotlight,No feed found,Structured page monitoring + eligibility filtering,5,5,4,Very High,Verified,Public with eligibility,public_with_eligibility,
SRC-0103,Providence St. Mary Support Groups,https://www.providence.org/locations/socal/st-mary-medical-center/patient-and-visitors/support-groups,Health/support-group schedule,other,Providence St. Mary Medical Center,ENT-0246,Apple Valley / Victorville,"Recurring cancer, diabetes, parenting/motherhood, grief and family support groups",First-party healthcare,"Health, support groups, parenting, cancer, diabetes, grief",Structured editorial schedule with recurrence and locations,No feed found,Recurring schedule extraction,5,5,5,Very High,Verified,Public,public,
SRC-0104,Providence St. Mary Senior Select,https://www.providence.org/locations/socal/st-mary-medical-center/senior-services,Senior health/community program,other,Providence St. Mary Medical Center,ENT-0246,Apple Valley,"Health education, doctor talks, support groups, social events, fitness and Medicare/driving classes",First-party healthcare,"Senior, health education, social, fitness, support groups",Program page; member activity schedule likely downstream,No public feed found,Program-page monitoring + member-calendar research,4,5,3,Very High,Verified,Public with eligibility,public_with_eligibility,
SRC-0105,Rhea Lana's of The High Desert,https://highdesert.rhealana.com/,Semiannual retail/community event producer,other,Rhea Lana's of The High Desert,ENT-0104,Victorville / High Desert,"Spring and fall children's consignment event weeks, presales and community-family shopping events",First-party,"Family, consignment, shopping, community",Franchise event site with Full Schedule and mailing-list updates,Structured franchise event pages,First-party schedule extraction,5,5,5,Very High,Verified,Public,public,
SRC-0106,Gladiator Challenge,https://gladiatorchallenge.com/,Combat-sports promoter / event source,promoter,Gladiator Challenge,ENT-0105,Victorville / Adelanto / regional,Amateur MMA fight cards and block-party fight events,First-party promoter,"MMA, combat sports, community block party",Promoter news/event posts; CAMO sanctioning pages provide structured cards,CAMO structured event records,First-party monitoring + sanctioning-platform reconciliation,5,5,5,Very High,Verified,Public,public,
SRC-0107,High Desert Home Shows,https://highdeserthomeshows.com/,Expo promoter / recurring event source,promoter,High Desert Home Shows,ENT-0106,Victorville,Home improvement and lifestyle expos twice annually,First-party,"Home/garden expo, vendors, demonstrations, family",First-party show site with upcoming dates/exhibitor information,No feed found,First-party schedule extraction,5,5,5,Very High,Verified,Public,public,
SRC-0108,Crown City Cat Club — CFA Event,https://cfa.org/event/crown-city-cat-club/,Animal/hobby show source,other,Crown City Cat Club / Cat Fanciers' Association,ENT-0107,Victorville,Public pedigreed-cat shows and exhibitor competition,Sanctioning association / first-party event system,"Cat show, hobby, family",CFA structured event page with visitor/exhibitor details,Structured CFA event system,CFA event extraction + club recursion,4,5,5,High,Verified,Public,public,Primary publisher selected during entity-resolution pass; compound raw publisher label retained in Organization Raw.
SRC-0109,Bingo Loco — Victorville,https://us.bingoloco.com/california,Touring entertainment promoter,promoter,Bingo Loco,ENT-0108,Victorville / touring,Ticketed bingo-rave entertainment dates in Victorville,First-party promoter,"Bingo, nightlife, live entertainment",First-party city/date search plus venue listings,Structured booking/search system,First-party city/date monitoring + Fairgrounds cross-check,4,5,4,High,Verified,Public,public,
SRC-0110,Joshua Inn Bar,https://joshuainnbar.com/,Bar / live-entertainment venue,venue_page,Joshua Inn,ENT-0109,Hesperia,"Trivia, live music, mechanical-bull parties and community bar events",First-party,"Live music, trivia, nightlife, parties",First-party WordPress site; entertainment described in venue content,No calendar feed found,First-party page monitoring + social/date recursion,4,5,2,High,Verified,Public,public,
SRC-0111,Ricky's Bar Entertainment Discovery,https://qlist.app/venues/Victorville/Rickys-Bar/cDQ1a1pGbUp3ZnZiWmg1U01kUU5Sdw,Nightlife discovery source,other,Ricky's Bar,ENT-0110,Victorville,"Karaoke, drag shows, DJ nights and nightclub entertainment",Secondary structured venue directory,"Karaoke, drag, DJ, nightlife",Current structured venue profile; local listings corroborate karaoke,No primary feed found,Discovery/social monitoring; locate primary Facebook/website schedule,4,3,3,High,Verified,Public,public,
SRC-0112,Wheel2Wheel Raceway Events,https://wheel2wheelraceway.com/events/,Motorsports venue / event calendar,venue_page,Wheel2Wheel Raceway,ENT-0119,Victorville,"Full seasonal dirt-track race calendar at SBC Fairgrounds, with dated race-day pages and spectator/racer details",First-party,"Motorsports, dirt karts, speedway sprints, family sports",WordPress-style event calendar with dedicated race schedule,First-party dated event pages,Structured event extraction,5,5,5,Very High,Verified,Public,public,
SRC-0113,SoCal Mower Racing 2026 Schedule,https://www.socalmowerracing.net/race-schedule,Motorsports sanctioning/club schedule,other,SoCal Mower Racing,ENT-0120,Victorville / Southern California,Practice and points-race schedule including multiple Victorville Wheel2Wheel/Fairgrounds appearances,First-party club,"Lawnmower racing, motorsports",Dedicated annual race-schedule page,No feed found,Structured schedule extraction + venue reconciliation,4,5,4,High,Verified,Public,public,
SRC-0114,Fuentez Entertainment — Ticketón Promoter Catalog,https://ticketon.com/en/promoters/5c2b2bdd01c5405d9bdab9a5a87a0769,Concert promoter / ticketing catalog,association_calendar,Fuentez Entertainment LLC,ENT-0121,Victorville / regional,"Regional Mexican concerts, jaripeo/baile events and touring live-music dates at Victorville Fairgrounds",First-party ticketing/promoter catalog,"Regional Mexican music, rodeo/jaripeo, live entertainment",Ticketón promoter catalog with structured event pages,Structured Ticketón catalog,Ticketing-platform extraction,5,5,5,Very High,Verified,Public,public,
SRC-0115,Little Mania Wrestling Tour Calendar,https://www.littlemaniawrestling.com/,Touring entertainment promoter,promoter,Little Mania Wrestling,ENT-0122,Victorville / touring,National touring wrestling/comedy shows with Victorville stops,First-party promoter,"Wrestling, comedy, live entertainment",Interactive national event calendar; Ticketón/Avenue ticket pages,Structured event calendar,Promoter-calendar extraction + ticketing reconciliation,4,5,4,High,Verified,Public,public,
SRC-0116,Frogee's Cocktail Lounge — Bandsintown Venue Feed,https://www.bandsintown.com/v/10049367-frogee%27s-cocktail-lounge,Live-music venue discovery/feed,venue_page,Frogee's Cocktail Lounge,ENT-0111,Apple Valley,Dated live-music shows and performer-linked concert discovery,Structured secondary music platform linked to venue Facebook,"Live music, rock, metal, alternative",Bandsintown venue page with upcoming concerts and artist event pages,Structured Bandsintown data,Structured venue-feed monitoring; reconcile with venue Facebook/artist sources,5,4,5,Very High,Verified,Public,public,
SRC-0117,Providence St. Mary Stroke Support Group,https://www.stroke.org/en/stroke-groups/st-mary--stroke-support-group,Health support-group schedule,other,Providence St. Mary Medical Center,ENT-0246,Apple Valley,"Monthly stroke/TBI support group for survivors, caregivers and medical professionals",National association structured directory / provider-affiliated,"Health, stroke recovery, caregiver support","American Stroke Association group listing with recurrence, contact and eligibility",Structured directory,Structured recurring-event extraction + Providence reconciliation,5,5,5,Very High,Verified,Public,public,
SRC-0118,El Dorado Broadcasters — Girls Day Out,https://www.sbcfair.com/events/2026/el-dorado-broadcasters---girls-day-out,Media/promoter community event,promoter,El Dorado Broadcasters,ENT-0127,Victorville,"Annual women-focused expo with shopping, fashion, health information and community vendors",Official venue listing for named promoter,"Expo, shopping, fashion, health/community",SBC Fairgrounds event page; media promotion via KAT Country,No upstream calendar found yet,Fairgrounds event monitoring + broadcaster-site recursion,4,5,4,High,Verified,Public,public,
SRC-0119,Desert Valley Hospital Fall Health Fair,https://www.themallofvictorvalley.com/Events/Details/580843,Health-system/community event,other,Desert Valley Hospital / Desert Valley Medical Group,ENT-0124,Victorville,"Free community health fair with flu shots, giveaways, raffle and outreach",First-party host venue listing for health-system-presented event,"Health fair, flu shots, community wellness",Mall event-detail page plus Eventbrite mirror,Eventbrite mirror available,Host-event extraction + health-system source recursion,4,5,4,Very High,Verified,Public,public,
SRC-0120,San Bernardino County Fair & Event Center Master Calendar,https://www.sbcfair.com/,Major venue / event calendar,venue_page,San Bernardino County Fair & Event Center / 28th DAA,ENT-0125,Victorville,"Public Fairgrounds calendar, in-house craft fairs, motorsports, expos, concerts, radio promotions, touring shows and annual county fair",First-party,"Fair, expos, craft fairs, motorsports, concerts, community, touring entertainment","Saffire fair/event platform with event, venue and location pages",Structured calendar/event pages,Structured Saffire event/venue extraction,5,5,5,Very High,Verified,Public,public,Primary publisher selected during entity-resolution pass; compound raw publisher label retained in Organization Raw.
SRC-0121,Hesperia Wranglers,https://hesperiawranglers.org/,Equestrian club / event producer,other,Hesperia Wranglers,ENT-0126,Hesperia / Victorville,"Monthly horse shows, meetings, trail rides, playdays, royalty program and High Desert Rodeo",First-party,"Equestrian, horse shows, rodeo, trail rides, club meetings","First-party site with recurring schedules, forms and event-specific pages",No machine feed found,Recurring-schedule extraction + page/social monitoring,5,5,4,Very High,Verified,Mixed,mixed,
SRC-0122,El Dorado Broadcasters Events & Promotions,https://www.edbroadcasters.com/events,Media / community event producer,other,El Dorado Broadcasters,ENT-0127,Victorville / High Desert,"Trunk or Treat, Women's/Girls Day Out, Baby Shower, Adopt-a-Pet Expo, Fill-the-Ambulance and other station events/promotions",First-party,"Family, expo, charity, pet adoption, community, radio promotions",Corporate events/promotions hub plus station-specific event feeds,Structured editorial event pages,First-party event-page monitoring,5,5,4,Very High,Verified,Public,public,
SRC-0123,Kiwanis Club of Victorville,https://www.kiwanisofvictorville.com/,Service club / event producer,other,Kiwanis Club of Victorville,ENT-0128,Victorville,"Dream Big 5K, beer gardens, Step into Success fundraiser and annual Children's Christmas Parade",First-party,"5K, fundraiser, parade, community, youth, beer garden",First-party project/event pages plus RunSignup for race registration,RunSignup for Dream Big 5K,First-party page monitoring + RunSignup reconciliation,5,5,5,Very High,Verified,Public,public,
SRC-0124,Providence St. Mary Medical Center Foundation Events,https://supportstmaryfoundation.org/,Healthcare foundation / fundraising events,other,Providence St. Mary Medical Center Foundation,ENT-0129,Apple Valley / Victorville,"Foundation celebrations, galas and philanthropic community events supporting St. Mary Medical Center",First-party foundation,"Fundraisers, gala/celebration, healthcare philanthropy",Foundation site with event pages and Add to Calendar,Calendar links on event pages,Structured event-page extraction,5,5,5,Very High,Verified,Public,public,
SRC-0125,Desert Valley Hospital & Medical Group Community Outreach,https://www.linkedin.com/posts/desert-valley-hospital_desertvalleyheartstrong-heartstrong2026-activity-7417211518498258944-dlCf,Health-system social/event source,other,Desert Valley Hospital & Medical Group,ENT-0124,Victorville,Community health screenings and outreach events including Heart Strong,First-party organization social post,"Health screenings, heart health, community wellness",Official organization LinkedIn posts; partner venues mirror events,Social-only / no central event feed found,Official social monitoring + venue/event-platform reconciliation,4,5,2,High,Verified,Public,public,
SRC-0126,Hesperia Wranglers Trail Rides & Playdays,https://hesperiawranglers.org/trail-rides-and-playdays,Equestrian recurring schedule,recurring_schedule,Hesperia Wranglers,ENT-0126,Hesperia / regional,"Trail rides, playdays and sunset rides with dated upcoming ride information",First-party,"Equestrian, trail rides, recreation",Dedicated recurring-program page with upcoming dates and Facebook-update guidance,No feed found,Page monitoring + social fallback,4,5,3,High,Verified,Mixed,mixed,
SRC-0127,San Bernardino County 'Things to Do' Roundup,https://main.sbcounty.gov/category/things-to-do/,County editorial event roundup,government_calendar,San Bernardino County,ENT-0229,Countywide / High Desert filtered,"Weekly/regular editorial roundup drawing from county departments and local/community events, including libraries, behavioral health, cleanups, airports and High Desert happenings",First-party county editorial,"Family, library, health, cleanups, civic, recreation, culture",CountyWire/editorial posts with dated event details and outbound canonical links,No feed confirmed,Editorial monitoring + extract events + resolve canonical department source,5,5,4,Very High,Verified,Public,public,
SRC-0128,San Bernardino County Department of Behavioral Health Events,https://wp.sbcounty.gov/dbh/events/,County behavioral-health calendar,government_calendar,San Bernardino County Department of Behavioral Health,ENT-0132,Countywide / High Desert filtered,"Trainings, public meetings, awareness events, community forums, CARE events and behavioral-health outreach",First-party government,"Behavioral health, training, community meetings, suicide prevention, recovery, CARE","The Events Calendar-style system with categories, venues and recurring series",Structured event system,Structured event/venue/category extraction + geography filter,5,5,5,Very High,Verified,Public,public,
SRC-0129,San Bernardino County Department of Public Health Events,https://dph.sbcounty.gov/events/,County public-health calendar,government_calendar,San Bernardino County Department of Public Health,ENT-0134,Countywide / High Desert filtered,"Vaccination clinics, testing, mobile-health services and public-health outreach",First-party government,"Vaccination, testing, clinics, health outreach",The Events Calendar-style system with list/month/day views,Structured event system,Structured calendar extraction + geography filter,5,5,5,Very High,Verified,Public with eligibility,public_with_eligibility,
SRC-0130,San Bernardino County Airports Events,https://airports.sbcounty.gov/events/,County airports calendar,government_calendar,San Bernardino County Airports,ENT-0135,Countywide / Apple Valley,"Airshows, airport commission meetings and aviation-community events",First-party government,"Aviation, airshow, civic meetings",The Events Calendar-style system with venue pages,Structured event system,Structured event/venue extraction,5,5,5,Very High,Verified,Public,public,
SRC-0131,San Bernardino County Land Use Services Community Cleanups,https://main.sbcounty.gov/2026/06/18/things-to-do-in-san-bernardino-county-128/,County cleanup/community-service source,government_calendar,San Bernardino County Land Use Services / Code Enforcement,ENT-0137,Unincorporated High Desert,Recurring community clean-up events in unincorporated communities,First-party government,"Community cleanup, civic service, environmental",CountyWire announcements for Code Enforcement cleanup program,No centralized event feed found yet,Editorial monitoring + Land Use page recursion,4,5,3,High,Verified,Public with eligibility,public_with_eligibility,
SRC-0132,San Bernardino County First District Events Calendar,https://bosd1.sbcounty.gov/events/,County supervisor district calendar,government_calendar,San Bernardino County First District Supervisor,ENT-0138,First District / High Desert,"County and community events across High Desert cities and unincorporated communities, including markets, meetings and civic events",First-party government,"Farmers markets, civic meetings, community, county services",The Events Calendar-style system with venue and series pages,Structured event system,Structured event/series/venue extraction + dedupe against canonical sources,5,5,5,Very High,Verified,Public,public,
SRC-0133,San Bernardino County Museum Master Events Calendar,https://museum.sbcounty.gov/events/,County museum system calendar,government_calendar,San Bernardino County Museum,ENT-0251,Countywide / Victor Valley Museum filtered,"Seasonal, annual and one-time museum events across county museum sites",First-party government/cultural,"STEAM, exhibits, talks, sensory hours, astronomy, cultural programs",The Events Calendar-style system with venue/category filters,Structured event system,Structured event extraction filtered to Victor Valley Museum / Apple Valley venues,5,5,5,Very High,Verified,Public,public,
SRC-0134,San Bernardino County Countywide Calendar,https://main.sbcounty.gov/events/,Countywide master event calendar,government_calendar,San Bernardino County,ENT-0229,Countywide / High Desert filtered,"Countywide events with department, category and district filters",First-party government,All county event categories,JavaScript countywide calendar app with department/category/district filters,Central county calendar app,Countywide calendar monitoring + resolve department canonical source,5,5,4,Very High,Verified,Public,public,
SRC-0135,San Bernardino County Animal Care Events,https://animalcare.sbcounty.gov/events/,County animal-care event calendar,government_calendar,San Bernardino County Animal Care,ENT-0139,Countywide / High Desert filtered,"Spay/neuter clinics, TNVR, mobile licensing/vaccination/microchip services and adoption events",First-party government,"Animal services, veterinary clinics, adoption, community outreach","The Events Calendar-style system with categories, venues and city filter",Structured event system,Structured event/category/venue extraction + geography filter,5,5,5,Very High,Verified,Public with eligibility,public_with_eligibility,
SRC-0136,San Bernardino County Human Resources Events,https://hr.sbcounty.gov/events/,County HR/career event calendar,government_calendar,San Bernardino County Human Resources,ENT-0140,Countywide / Victorville/Barstow filtered,"Job fairs, hiring events, employee benefit expos and workforce-related events",First-party government,"Career, hiring, HR, benefits","The Events Calendar-style system with city, venue, category and series filters",Structured event system,Structured event extraction + access-scope filter,4,5,5,High,Verified,Mixed,mixed,
SRC-0137,San Bernardino County Sheriff's Jobs Events,https://sheriffsjobs.sbcounty.gov/events/,County sheriff recruiting/event calendar,government_calendar,San Bernardino County Sheriff's Department,ENT-0254,Countywide / High Desert filtered,"Recruiting, career-assistance, physical-agility and partner hiring events",First-party government,"Career, law enforcement recruiting, hiring",The Events Calendar-style system,Structured event system,Structured event extraction + geography filter,4,5,5,High,Verified,Public,public,
SRC-0138,San Bernardino County Child Support Services Events,https://childsupport.sbcounty.gov/events/,County family-service event calendar,government_calendar,San Bernardino County Department of Child Support Services,ENT-0142,Countywide / Victorville filtered,"Resource fairs, Support Saturdays, neighborhood/library events, job fairs and child-support outreach",First-party government,"Family services, resource fairs, outreach, job fairs",The Events Calendar-style system with category and venue filters,Google Calendar + iCal on event/venue pages,Structured event extraction + geography filter,4,5,5,High,Verified,Public,public,
SRC-0139,San Bernardino County Children and Family Services Community Events,https://cfs.sbcounty.gov/,County child/family services event source,government_calendar,San Bernardino County Children and Family Services,ENT-0143,Countywide / High Desert filtered,"Family resource fairs, backpack giveaways and foster/adoption community outreach",First-party government,"Family, children, resource fair, back-to-school, community outreach",Department site + CountyWire/event roundups,No dedicated event calendar confirmed,Department/social/news monitoring + Countywide Calendar discovery,4,5,3,High,Verified,Public,public,
SRC-0140,San Bernardino County District Attorney Community Events,https://da.sbcounty.gov/,County justice/community event source,government_calendar,San Bernardino County District Attorney,ENT-0144,Countywide / High Desert filtered,"Victim memorials, community outreach and victim-services events",First-party government,"Crime-victim support, memorial, justice outreach",Department site/social + CountyWire promotion,No dedicated calendar confirmed,Department/news/social monitoring + Countywide Calendar discovery,4,5,3,High,Verified,Public,public,
SRC-0141,San Bernardino County Economic Development Agency Events,https://www.selectsbcounty.com/,County economic-development event source,government_calendar,San Bernardino County Economic Development Agency,ENT-0145,Countywide / High Desert filtered,"Entrepreneur training, business workshops, economic-development programming and regional business events",First-party government,"Entrepreneurship, business, workforce/economic development",Countywide Calendar + agency website/social,Countywide calendar records,Countywide Calendar extraction + agency reconciliation,5,5,4,Very High,Verified,Public,public,
SRC-0142,San Bernardino County Fire Events,https://sbcfire.org/events/,County fire/community-safety calendar,government_calendar,San Bernardino County Fire Protection District,ENT-0146,Countywide / High Desert filtered,"Household hazardous-waste collections, oil-filter exchanges and community-safety events",First-party government,"Environmental safety, hazardous waste, recycling, public safety",The Events Calendar-style system with organizer/category views,Structured event system,Structured event/category/organizer extraction + geography filter,5,5,5,Very High,Verified,Public with eligibility,public_with_eligibility,
SRC-0143,San Bernardino County Transitional Assistance Department Events,https://wp.sbcounty.gov/tad/events/,County social-services outreach calendar,government_calendar,San Bernardino County Transitional Assistance Department,ENT-0147,Countywide / High Desert filtered,"Community outreach, hiring events, resource fairs and county-partner events with benefit-assistance staff",First-party government,"Community resources, hiring, family, benefits assistance",The Events Calendar-style system with categories and venue pages,Structured event system,Structured event extraction + geography/access filter,5,5,5,Very High,Verified,Public with eligibility,public_with_eligibility,
SRC-0144,First 5 San Bernardino Events & Community Engagement,https://first5sanbernardino.org/,County early-childhood event/campaign source,government_calendar,First 5 San Bernardino,ENT-0148,Countywide / High Desert filtered,"Family events, water-safety programming, literacy campaigns, partner events and family-activity recommendations",First-party county agency,"Family, early childhood, literacy, safety, resource fairs","First-party site with events calendar, campaigns, news and Sunday Shout-Outs",Structured event calendar + editorial discovery,Events/calendar monitoring + campaign/news extraction,4,5,4,High,Verified,Public with eligibility,public_with_eligibility,
SRC-0145,San Bernardino County Veterans Affairs,https://va.sbcounty.gov/,County veterans-services event/outreach source,government_calendar,San Bernardino County Veterans Affairs,ENT-0149,Countywide / High Desert,"Monthly benefits assistance, advisory meetings and veteran outreach",First-party government,"Veterans, benefits assistance, advisory meetings, outreach",Department pages plus Third District structured event series,Structured partner event series / meeting pages,Department monitoring + Third District/Countywide calendar reconciliation,5,5,4,Very High,Verified,Public with eligibility,public_with_eligibility,
SRC-0146,San Bernardino County Aging & Adult Services Events,https://daas.sbcounty.gov/events/,County aging/adult-services event calendar,government_calendar,San Bernardino County Aging and Adult Services – Public Guardian,ENT-0150,Countywide / High Desert filtered,"Senior-affairs meetings, conferences, outreach and partner-service events",First-party government,"Senior, aging services, caregiver/professional, public meetings",The Events Calendar-style system with Google Calendar/iCal,Structured event system,Structured event extraction + audience/access classification,4,5,5,High,Verified,Mixed,mixed,
SRC-0147,San Bernardino County Third District Events & Community Calendar,https://bosd3.sbcounty.gov/calendar/,County supervisor district calendar,government_calendar,San Bernardino County Third District Supervisor,ENT-0151,Barstow / Morongo Basin / mountain communities / eastern county,"Community events, job fairs, veterans services, markets, concerts, safety events and county outreach",First-party government,"Civic, job fairs, veterans, markets, concerts, county services",The Events Calendar-style district calendar + editorial category pages,Structured event system,Structured event extraction + regional geography filter,5,5,5,Very High,Verified,Public,public,
SRC-0148,San Bernardino County Office of Homeless Services — Resource Events,https://wp.sbcounty.gov/tad/events/list/page/3/?tribe-bar-date=2026-01-22,County homeless-services / resource-event source,government_calendar,San Bernardino County Office of Homeless Services,ENT-0152,Victorville / High Desert,Care Act and collaborative resource-fair activity serving people experiencing homelessness,Recovered from existing corpus evidence,"Homeless services, resource fair, county outreach",Original registry row missing; recovered from SER-0123 and EDGE-00733,,Discovery/partner event monitoring; verify canonical OHS source before automation,4,4,2,High,Recovered,Public with eligibility,public_with_eligibility,Recovered referenced legacy row from SER-0123 / EDGE-00733
SRC-0149,San Bernardino County Children's Network Events,https://cn.sbcounty.gov/events/,County child/family professional & community calendar,government_calendar,San Bernardino County Children's Network,ENT-0153,Countywide / High Desert filtered,"Fatherhood events, child-abuse prevention activities, trainings, conferences, outreach and family/community events",First-party government,"Family, child-abuse prevention, fatherhood, training, community outreach","The Events Calendar-style system with list/month/day, venue and city filters",Structured event system,Structured event extraction + geography/audience filtering,4,5,5,High,Verified,Mixed,mixed,
SRC-0150,San Bernardino County Homeless Partnership Events,https://sbchp.sbcounty.gov/events/,County homeless-services / CoC event calendar,government_calendar,San Bernardino County Office of Homeless Services / Homeless Partnership,ENT-0154,Countywide / High Desert filtered,"Regional Steering Committees, CoC meetings, task forces, listening sessions and homeless-services planning events",First-party government,"Homeless services, public meetings, planning, outreach",The Events Calendar-style system with category filters,Structured event system,Structured event/category extraction + regional filter,5,5,5,Very High,Verified,Public,public,Primary publisher selected during entity-resolution pass; compound raw publisher label retained in Organization Raw.
SRC-0151,San Bernardino County Public Works Solid Waste Events,https://dpw.sbcounty.gov/solid-waste-management/events/,County public works / environmental outreach calendar,government_calendar,San Bernardino County Public Works — Solid Waste Management,ENT-0155,Countywide / unincorporated High Desert,"Education events, solid-waste outreach, advisory/technical meetings and community environmental programming",First-party government,"Solid waste, recycling, environmental education, public meetings",Department event page plus SWAT/Technical Committee meeting pages,Department event/meeting pages,Page monitoring + geography filter; use Land Use/CountyWire for cleanup events,3,5,3,Medium,Verified,Mixed,mixed,
SRC-0152,City of Adelanto Granicus Meetings,https://adelanto.granicus.com/ViewPublisher.php?view_id=1,Municipal meeting/calendar archive,government_calendar,City of Adelanto,ENT-0156,Adelanto,"City Council and public civic meeting agendas, video, minutes and archives",First-party government,"Civic, government meetings",Granicus meeting archive,Agenda/video/MP3 archive,Structured Granicus monitoring,4,5,5,High,Verified,Public,public,
SRC-0153,Adelanto Elementary School District Calendars & Events,https://www.aesd.net/about-us/district-calendars,School district calendar,school_calendar,Adelanto Elementary School District,ENT-0157,Adelanto,"District calendar, DAC/DELAC meetings, board meetings, school/community events and district activities",First-party education,"Education, family, civic/school meetings, clinics","Finalsite calendar with RSS, iCal, alerts; Tandem backend also visible",RSS/iCal/subscription available,Structured calendar/feed extraction + public-event filtering,5,5,5,Very High,Verified,Mixed,mixed,
SRC-0154,We Love Adelanto Community Calendar,https://weloveadelanto.com/calendar,Community-submitted calendar,other,We Love Adelanto,ENT-0158,Adelanto,"Resident and community-group event submissions, recreation and local third-space activities",First-party community organization,"Community, recreation, family, local groups",Community calendar with email submission workflow,No feed found,Page monitoring + submitted-event discovery,4,4,3,Very High,Verified,Public,public,
SRC-0155,I Am Love Events,https://iamloves.org/events/,Nonprofit event calendar,nonprofit_calendar,I Am Love,ENT-0159,Adelanto / Apple Valley,"Weekly Adelanto food distribution, volunteering, food-bank operations and youth/community programs",First-party nonprofit,"Food distribution, volunteer, youth, community service",Dedicated event archive with monthly/weekly/daily/list views,Booking links,Structured event calendar extraction + geography filter,5,5,5,Very High,Verified,Public with eligibility,public_with_eligibility,
SRC-0156,Adelanto Bilingual Seventh-day Adventist Church Events,https://adelantobilingualsdachurch.com/,Faith/community event source,faith_calendar,Adelanto Bilingual Seventh-day Adventist Church,ENT-0161,Adelanto,"Weekly worship/prayer, fellowship, health fairs, youth revival and special programs",First-party faith organization,"Faith, health, youth, fellowship, community support",First-party site with Events Calendar and recurring service schedule,No feed found,Page monitoring + recurrence normalization,4,5,3,High,Verified,Public,public,
SRC-0157,Adelanto Little League,https://tshq.bluesombrero.com/adelantoll,Youth sports organization,sports_league,Adelanto Little League,ENT-0162,Adelanto,"Little League baseball/softball seasons, registration, coach/volunteer activity and field status",First-party sports,"Youth baseball, softball, registration, volunteer",SportsConnect/Blue Sombrero site with news and fields,SportsConnect ecosystem,SportsConnect extraction + season/field monitoring,5,5,5,Very High,Verified,Public with eligibility,public_with_eligibility,
SRC-0158,Adelanto Senior Center / Molding Hearts Program,https://seniorcenteradelanto.com/,Senior center recurring program source,recurring_schedule,City of Adelanto / Molding Hearts Foundation,ENT-0163,Adelanto,"Weekday senior meals, themed activities, music, trivia, wellness and resource access",First-party municipal announcement,"Senior, meals, wellness, social, music, trivia",Direct center website + City reopening press release + Molding Hearts partnership,Email-list updates; no structured calendar found,Direct-site monitoring + recurring-program model,4,5,2,Very High,Verified,Public with eligibility,public_with_eligibility,Primary publisher selected during entity-resolution pass; compound raw publisher label retained in Organization Raw.
SRC-0159,BMB Entertainment Events,https://www.bmbevents.com/,Event promoter / producer calendar,promoter,BMB Entertainment / Busco Mi Banda,ENT-0165,Adelanto / Southern California,"Lowrider shows, live concerts, vendors and automotive-culture events",First-party promoter,"Car culture, live music, vendors, family entertainment",First-party event/promoter site with ticketing and detailed schedules,First-party tickets,Promoter calendar extraction,5,5,5,Very High,Verified,Public,public,
SRC-0160,SKYS Presents — Adelanto Events,https://www.eventbrite.com/o/skys-presents-17439427400,Touring/local event promoter,promoter,SKYS PRESENTS,ENT-0166,Adelanto / regional,"Concerts, off-road route experiences and live entertainment at Adelanto Plaza",Organizer/ticketing source,"Live music, off-road, automotive culture, family entertainment",Eventbrite organizer page + Ticketón event pages,Eventbrite/Ticketón,Organizer/platform monitoring,4,4,5,High,Verified,Public,public,
SRC-0161,OC Truck Events — Adelanto / Trokalandia,https://www.eventbrite.com/e/trokalandia-2026-tickets-1994641477353,Automotive event promoter,promoter,OC TRUCK EVENTS,ENT-0167,Adelanto / regional,"Truck/car shows, burnout/trophy events, raffles and live music",Organizer/ticketing source,"Truck show, car culture, live music, family entertainment",Eventbrite structured event pages,Eventbrite,Organizer/event-page monitoring,4,4,5,High,Verified,Public,public,
SRC-0162,Kushstock Festival,https://kushstock.batchsys.com/,Festival producer / event brand,promoter,Kushstock Festival,ENT-0168,Adelanto,"Large live-music, vendor, art and cultural festival at Adelanto Plaza",First-party festival,"Live music, culture, art, vendors, food",Dedicated festival site + venue history,Festival site/newsletter,Festival-site monitoring + venue reconciliation,4,5,3,High,Verified,Public with eligibility,public_with_eligibility,
SRC-0163,Assembly District 39 Community Events,https://carrillo.asmdc.org/events,Legislative district community-event source,government_calendar,California Assembly District 39,ENT-0266,Adelanto / Victor Valley / district,"Back-to-school giveaways, resource fairs and district community events",First-party government,"Family, resource fair, civic/community outreach",Assemblymember events/news pages,Structured event pages,District-event monitoring + geography filter,4,5,4,High,Verified,Public,public,Primary publisher selected during entity-resolution pass; compound raw publisher label retained in Organization Raw.
SRC-0164,Eventbrite Adelanto Local Discovery,https://www.eventbrite.com/d/ca--adelanto/events/,General event-discovery platform,event_aggregator,Eventbrite,ENT-0240,Adelanto,"Ticketed/local Adelanto concerts, car shows, festivals, nightlife and venue events",Secondary discovery platform,"Live music, automotive, festivals, nightlife, workshops",Location results + organizer pages,Structured platform,Discovery only; strict Adelanto venue/address verification,5,3,5,High,Verified,Public,public,
SRC-0165,Adelanto Heat Youth Football & Cheer,https://adelantoheat.com/,Youth football/cheer organization,sports_league,Adelanto Heat Youth Football & Cheer,ENT-0171,Adelanto,"Age-group tackle football, girls flag football, cheer, registration, practices and game schedule",First-party sports,"Youth football, flag football, cheer","First-party site with staff, registration and schedule pages; Instagram link",Schedule + registration pages,First-party schedule/registration monitoring,5,5,4,Very High,Verified,Public with eligibility,public_with_eligibility,
SRC-0166,High Desert Jets Football & Cheer / Youth Programs,https://kinhold.org/,Youth sports/community nonprofit,sports_league,High Desert Jets Football and Cheer Inc.,ENT-0172,Adelanto,"Youth sports, tennis clinics, tutoring, summer camps, scholarships, mentoring and community outreach",First-party nonprofit,"Youth sports, education, mentoring, community outreach",First-party nonprofit site with program pages and community outreach,No structured calendar found,Program/social monitoring; promote dated events when published,4,5,3,High,Verified,Public with eligibility,public_with_eligibility,
SRC-0167,Praise Chapel Adelanto Events,https://praisechapeladelanto.com/events,Faith/community event calendar,faith_calendar,Praise Chapel Adelanto,ENT-0173,Adelanto,"Sunday services, Bible study and special church/community events",First-party faith organization,"Faith, Bible study, fellowship, community",Structured list/calendar view with calendar subscription,Calendar subscription available,Structured calendar/subscription extraction,5,5,5,Very High,Verified,Public,public,
SRC-0168,Christ the Good Shepherd Catholic Church,https://www.cgshepherd-adelanto.org/,Faith/community parish source,faith_calendar,Christ the Good Shepherd Catholic Church,ENT-0174,Adelanto / Helendale,"Masses, religious education, ministries, bulletins and parish events",First-party faith organization,"Faith, religious education, ministries, parish/community events","Parish website with Upcoming Events, bulletin and recurring service schedule",No machine feed confirmed,Parish page/bulletin monitoring + recurrence normalization,4,5,3,High,Verified,Public,public,
SRC-0169,Detour SoCal — Adelanto Events,https://detoursocal.com/,Night market / festival promoter,promoter,Detour SoCal,ENT-0175,Adelanto / High Desert,"Mega night markets, Halloween block party, car meets, costume contests, MMA, vendors, food, rides and live entertainment at Adelanto Stadium",First-party promoter,"Night market, family, car culture, MMA, live entertainment, vendors, food",First-party event/ticket pages with detailed schedules and applications,First-party ticketing,Promoter calendar/page monitoring,5,5,5,Very High,Verified,Public,public,
SRC-0170,Hope of a Higher Glory Community Church Events,https://hopeinacommunity.org/hopes-upcoming-events,Faith/community event producer,faith_calendar,Hope of a Higher Glory Community Church,ENT-0176,Adelanto / regional,"Church anniversary, worship celebrations and community gatherings hosted at Adelanto Event Center",First-party faith organization,"Faith, celebration, community, live worship",First-party upcoming-events page,No feed found,Page monitoring + venue reconciliation,4,5,3,High,Verified,Public,public,
SRC-0171,American Legion Leo Collins Post 229 — Adelanto,https://mylegion.org/PersonifyEbusiness/Post-Detail?%40IP_IDENTITY_MCID=00005022900L&%40IP_IDENTITY_SCID=0,Veterans post / recurring organization,recurring_schedule,American Legion Leo Collins Post 229,ENT-0177,Adelanto,"Monthly post meetings, veterans/family programs and public/community events",Official national veterans organization,"Veterans, meetings, community, patriotic events",Official myLegion post directory; California American Legion event calendar provides dated local events,Official association directory + iCal-capable state calendar,Official post-directory monitoring + CA Legion event reconciliation,5,5,5,Very High,Verified,Mixed,mixed,
SRC-0172,American Legion Riders Chapter 229 — Adelanto,https://alrdoc.org/alr_chapterView.php?chapter_id=104,Veterans motorcycle/affinity chapter,other,American Legion Riders Chapter 229,ENT-0178,Adelanto,"Monthly riders meetings, veteran-support rides and Legion-family participation",Official state American Legion Riders organization,"Veterans, motorcycle, affinity club, community service",Official chapter directory with recurring meeting schedule,Official chapter directory,Chapter-page monitoring + Legion event recursion,4,5,4,High,Verified,Members / public events mixed,mixed,
SRC-0173,Southern California Timing Association — El Mirage,https://scta-bni.org/,Motorsports sanctioning / recurring event source,recurring_schedule,Southern California Timing Association,ENT-0179,El Mirage / Adelanto-adjacent,"Land-speed racing meets, vintage drags, results, records and racer community activity at El Mirage Dry Lake",First-party sanctioning organization,"Land-speed racing, motorsports, automotive club","First-party SCTA site with El Mirage information, documents, race results and racing news",First-party event/results documents,First-party SCTA monitoring; event-date extraction from current race materials,5,5,4,Very High,Verified,Public / participation rules apply,public,
SRC-0174,BLM El Mirage OHV Recreation Area,https://www.blm.gov/visit/el-mirage-ohv-area,Recreation venue / land authority,venue_page,Bureau of Land Management — Barstow Field Office,ENT-0232,El Mirage / Adelanto-adjacent,"OHV recreation, motorsports venue conditions, camping and access information for El Mirage Dry Lake",First-party federal government,"OHV, motorsports, outdoor recreation, camping",BLM recreation site with official access/fee/closure information,Recreation.gov pass system,Venue/closure authority; pair with SCTA and event organizers,4,5,4,High,Verified,Public with fees/rules,public,
SRC-0175,iDriveSoCal — Adelanto Automotive Event Discovery,https://www.idrivesocal.com/events/,Automotive event discovery network,event_aggregator,iDriveSoCal,ENT-0267,Adelanto / Southern California,"Adelanto car shows, automotive festivals, organizers and venue links including GBodyFest and Hard Park",Secondary specialty media/discovery,"Car shows, car meets, automotive culture, motorsports",Structured event pages with organizer and venue metadata,Structured editorial event pages,Discovery-only automotive monitoring; resolve organizer/venue upstream,5,4,5,Very High,Verified,Public,public,Primary publisher selected during entity-resolution pass; compound raw publisher label retained in Organization Raw.
SRC-0176,Phelan Piñon Hills Community Services District Events,https://www.pphcsd.org/events,Community services district / recreation calendar,community_services_district,Phelan Piñon Hills Community Services District,ENT-0183,Phelan / Pinon Hills,"Free and low-cost recreation, art, judo, archery, youth classes and community events",First-party special district,"Arts, youth, recreation, judo, archery, community classes",Special-district event page with recurring program listings and registration,Eventbrite/registration links on some programs,Structured/editorial program extraction + recurrence normalization,5,5,4,Very High,Verified,Public,public,
SRC-0177,Phelan Piñon Hills Community Services District Meetings,https://www.pphcsd.org/meetings,Special district civic meeting archive,community_services_district,Phelan Piñon Hills Community Services District,ENT-0183,Phelan / Pinon Hills,"Board, engineering, finance, legislative, parks and solid-waste committee meetings",First-party special district,"Civic, public meetings, parks, infrastructure",Structured meeting archive with recorded/live YouTube support,Recorded meetings / agendas,Meeting-page monitoring; keep civic layer separate from community events,4,5,4,High,Verified,Public,public,
SRC-0178,Phelan Chamber of Commerce Events,https://www.phelanchamber.info/,Chamber / business-community event source,chamber_calendar,Phelan Chamber of Commerce,ENT-0186,Phelan / Tri-Community,"Chamber luncheons, community events and Phelan Phamily Phun Days",First-party chamber,"Business networking, festival, parade, car show, vendors, family",WildApricot-style chamber site with current events and annual-event pages,Event registration,Chamber-event monitoring,5,5,4,Very High,Verified,Public,public,
SRC-0179,Phelan Certified Farmers Market,https://awm.sbcounty.gov/certified-farmers-markets-locations/,Certified farmers market / recurring series,association_calendar,Phelan Certified Farmers Market,ENT-0078,Phelan,Weekly certified farmers market at Phelan Community Center,County agriculture authority,"Farmers market, food, vendors, community",County certified-market directory,Structured directory,Canonical recurring-market ingestion from county directory,5,5,5,Very High,Verified,Public,public,
SRC-0180,High Desert Baptist Church — Phelan Events,https://www.hdbcphelan.com/events,Faith/community event calendar,faith_calendar,High Desert Baptist Church,ENT-0187,Phelan,"Fall festival, Phun Days participation, monthly fellowship, prayer nights and church/community programs",First-party faith organization,"Faith, family, fellowship, fall festival, community",Dedicated events page with recurring weekly/monthly schedule,No feed found,Page monitoring + recurrence normalization,4,5,4,High,Verified,Public,public,
SRC-0181,Wrightwood Chamber of Commerce Annual Events,https://www.wrightwoodchamber.org/annual-events/,Chamber / signature-event producer,chamber_calendar,Wrightwood Chamber of Commerce,ENT-0188,Wrightwood,"Spring Fling, Taste of the Village, Mountaineer Days, Mountain Classic Car Show, Chili Cook-Off and Mountain Holiday Celebration",First-party chamber,"Festival, food, car show, holiday, live music, vendors, community",Dedicated annual-events pages with dates and registration/sponsor forms,Registration/application pages,First-party annual-event monitoring,5,5,5,Very High,Verified,Public,public,
SRC-0182,Wrightwood Arts Center Events,https://www.wrightwoodarts.org/events,Arts organization / event calendar,other,Wrightwood Arts Center,ENT-0189,Wrightwood,"Exhibitions, art nights, pottery, fiber arts, kids crafts, artist talks, workshops and community celebrations",First-party arts organization,"Arts, gallery, workshops, fiber arts, ceramics, family, live music",Squarespace-style event archive with Google Calendar/ICS on events,Google Calendar / ICS,Structured event-page ingestion,5,5,5,Very High,Verified,Public / some member discounts,public,
SRC-0183,Wrightwood Community Services District / Community Center Events,https://bosd1.sbcounty.gov/venue/wrightwood-community-center/,Community services district / venue calendar,community_services_district,Wrightwood Community Services District,ENT-0190,Wrightwood,"CSD meetings, senior luncheons, farmers market and community-center events",First-party county/district discovery,"Civic, senior, farmers market, community",First District structured venue/organizer calendar,Structured event system,Structured venue/organizer extraction + upstream CSD reconciliation,5,5,5,Very High,Verified,Public,public,
SRC-0184,Wrightwood Certified Farmers Market,https://awm.sbcounty.gov/certified-farmers-markets-locations/,Certified farmers market / recurring series,association_calendar,Wrightwood Certified Farmers Market,ENT-0268,Wrightwood,Weekly certified farmers market at Wrightwood Community Center,County agriculture authority,"Farmers market, food, vendors, community",County certified-market directory + First District recurring-event pages,Structured directory/events,Canonical county market schedule + First District event instances,5,5,5,Very High,Verified,Public,public,Primary publisher selected during entity-resolution pass; compound raw publisher label retained in Organization Raw.
SRC-0185,Hillside Community Church Wrightwood Calendar,https://hillsidecommunitychurch.churchcenter.com/,Faith/community event calendar,faith_calendar,Hillside Community Church,ENT-0192,Wrightwood,"Sunday services, Bible studies, game nights, senior potlucks, youth/family and discipleship events",First-party faith organization,"Faith, seniors, youth, game nights, Bible study, fellowship",Church Center calendar and event registrations,Church Center registrations,Structured Church Center monitoring,5,5,5,Very High,Verified,Public / registration on some events,public_with_registration,
SRC-0186,Snowline Joint Unified / Wrightwood Elementary Events,https://www.snowlineschools.com/apps/events/2037/1/?id=13,School event calendar,school_calendar,Snowline Joint Unified School District / Wrightwood Elementary,ENT-0193,Wrightwood,"School family events, art classes, PTG events, spirit days and school programs",First-party education,"School, family, art, parent group, youth",Edlio calendar with subscriptions,iCal / Google Calendar / ICS,Structured school-calendar extraction + public-event filter,5,5,5,Very High,Verified,Mixed,mixed,Primary publisher selected during entity-resolution pass; compound raw publisher label retained in Organization Raw.
SRC-0187,Lucerne Valley Chamber Community Calendar,https://lucernevalleychamber.org/community-calendar,Community calendar / chamber discovery source,chamber_calendar,Lucerne Valley Chamber of Commerce,ENT-0194,Lucerne Valley,"Senior bingo, Lions meetings, civic/community events and locally submitted happenings",First-party chamber/community,"Senior, civic clubs, bingo, community, meetings",Dedicated community calendar with event-submission email,No feed found,Editorial calendar extraction + organizer recursion,5,5,4,Very High,Verified,Public / some member activities,public,
SRC-0188,Lucerne Valley Chamber Clubs & Civic Groups Directory,https://lucernevalleychamber.org/clubs-%26-civic-groups,Community-organization directory,directory,Lucerne Valley Chamber of Commerce,ENT-0194,Lucerne Valley,"Senior Citizens, Lions Club, Youth Project and other local civic/service organizations with recurring activities",First-party chamber/community directory,"Senior, youth, civic clubs, community service",Editorial organization directory with schedules and social links,Social links,Entity discovery + recurring-program extraction,5,5,4,Very High,Verified,Mixed,mixed,
SRC-0189,Lucerne Valley Middle/High School Events,https://lvmhs.lucernevalleyunified.org/apps/events/,School event calendar,school_calendar,Lucerne Valley Unified School District,ENT-0198,Lucerne Valley,"School sports, Back to School Night, FFA activities, performances and public school events",First-party education,"School, sports, FFA, family, education",Edlio event calendar with subscriptions,iCal / Google Calendar / ICS,Structured school-calendar extraction + public-event filter,5,5,5,Very High,Verified,Mixed,mixed,
SRC-0190,San Bernardino County Special Districts — Lucerne Valley / CSA 29 Events,https://specialdistricts.sbcounty.gov/events/,County special-district recreation calendar,government_calendar,San Bernardino County Special Districts / CSA 29,ENT-0199,Lucerne Valley,"Community-center, park and chamber-linked public events at Lucerne Valley facilities",First-party government,"Parks, parade, community, recreation, special events",The Events Calendar-style county special-district calendar,Structured event system,Structured event/venue extraction filtered to Lucerne Valley,5,5,5,Very High,Verified,Public,public,Primary publisher selected during entity-resolution pass; compound raw publisher label retained in Organization Raw.
SRC-0191,Lucerne Valley CSA 29 Facilities & Recreation,https://specialdistricts.sbcounty.gov/parks-and-recreation/csa-29/our-facilities/,Parks/community facilities directory,directory,San Bernardino County Special Districts / CSA 29,ENT-0199,Lucerne Valley,"Pioneer, Russell, Memorial and Midway Parks plus Lucerne Valley Community Center and rentable event facilities",First-party government,"Parks, sports, meetings, equestrian, community events",Structured facilities page with amenities and rental details,No event feed on facilities page,Venue/entity source + pair with Special Districts calendar,4,5,4,Very High,Verified,Public / rentals,public,Primary publisher selected during entity-resolution pass; compound raw publisher label retained in Organization Raw.
SRC-0192,Silver Lakes Association Events,https://silverlakesassociation.com/events/,HOA/private-community event calendar,hoa_calendar,Silver Lakes Association,ENT-0201,Helendale / Silver Lakes,"Golf tournaments, fitness, story time, clinics, committees, social gatherings and association events",First-party private community association,"Golf, fitness, family, clubs, social, civic/association",The Events Calendar-style system,Structured event system,Structured extraction with strict member/public access field,5,5,5,Very High,Verified,Members / mixed,mixed,
SRC-0193,Helendale Community Services District Parks & Recreation,https://www.helendalecsd.org/parks-recreation,Community services district recreation/events,community_services_district,Helendale Community Services District,ENT-0202,Helendale,"Concerts in the Park, yard sale, holiday boutique, sports and public recreation programs",First-party special district,"Concerts, vendors, yard sale, holiday boutique, sports, family",District parks/recreation pages plus newsletters,Registration forms / newsletter,Page/newsletter monitoring + recurring-series extraction,5,5,4,Very High,Verified,Public,public,
SRC-0194,Helendale School District Calendar,https://www.helendalesd.org/more/resources/school-calendar,School district calendar,school_calendar,Helendale School District,ENT-0204,Helendale,"District and school activities, community/parent meetings and school events",First-party education,"School, family, community, sports",Integrated Google-style calendar + downloadable school-year calendars,Integrated Google calendar,Structured school-calendar extraction + public-event filter,4,5,4,High,Verified,Mixed,mixed,
SRC-0195,Oak Hills Municipal Advisory Council,https://bosd1.sbcounty.gov/oak-hills-municipal-advisory-council/,Local advisory council / civic meetings,other,San Bernardino County First District / Oak Hills MAC,ENT-0205,Oak Hills,Monthly municipal advisory meetings and local unincorporated-community issues,First-party government,"Civic, public meetings, community",First District agenda/minutes page,Agenda/minutes archive,Structured meeting monitoring,5,5,4,Very High,Verified,Public,public,Primary publisher selected during entity-resolution pass; compound raw publisher label retained in Organization Raw.
SRC-0196,Oak Hills High School Events,https://www.hesperiausd.org/o/oak-hills-high-school/events,School event calendar,school_calendar,Oak Hills High School / Hesperia Unified School District,ENT-0206,Oak Hills,"School/community events, athletics, performances and family events",First-party education,"School, sports, family, performances",HUSD events system with downloadable calendar,Downloadable calendar,Structured school-calendar extraction + public-event filtering,4,5,4,High,Verified,Mixed,mixed,Primary publisher selected during entity-resolution pass; compound raw publisher label retained in Organization Raw.
SRC-0197,Oak Hills Instrumental Music Program,https://www.oakhillsmusic.com/marching-band-2026,School arts / performance schedule,school_program,Oak Hills High School Instrumental Music Program,ENT-0207,Oak Hills,"Band camp, preview performances, jazz, parades and field-tournament performances",First-party school arts program,"Music, marching band, performance, school arts",Dedicated program schedule page,No feed found,Performance-schedule monitoring,4,5,4,High,Verified,Mixed,mixed,
SRC-0198,The Solid Rock Church — Oak Hills,https://solidrockoakhills.com/,Faith/community source,faith_calendar,The Solid Rock Church,ENT-0208,Oak Hills,"Weekly worship, Bible College/fellowship and community-host relationships",First-party faith organization,"Faith, Bible study, fellowship, community",First-party church site,No event feed found,Recurring schedule + social/community-event monitoring,3,5,2,Medium,Verified,Public,public,
SRC-0199,Revival Dance Lab — Piñon Hills,https://www.revivaldancelab.com/,Dance studio / performing arts source,other,Revival Dance Lab,ENT-0209,Pinon Hills,"Recreational dance, competitive company, annual recital, local community performances and parent information events",First-party arts organization,"Dance, performing arts, youth, recital, community performance",Squarespace site with class/program pages and current registration,Parent portal / registration,Program monitoring + promote public recital/community performance dates,4,5,3,High,Verified,Public with registration,public_with_registration,
SRC-0200,Phelan/Pinon Hills CERT,https://www.cert-la.com/cert-california/,Community emergency-response organization,other,Phelan/Pinon Hills CERT,ENT-0210,Phelan / Pinon Hills,"CERT basic training, preparedness education and volunteer disaster-response activities",Official statewide CERT directory / local program,"Emergency preparedness, training, volunteer, community safety",Official CERT directory plus county/state partner announcements,Registration-based training,Partner-announcement monitoring + local contact recursion,4,4,3,High,Verified,Public with registration,public_with_registration,
SRC-0201,Wrightwood Fire Safe Council,https://www.wrightwoodfsc.com/,Fire-safe council / civic nonprofit,nonprofit_calendar,Wrightwood Fire Safe Council,ENT-0211,Wrightwood,"Monthly public meetings, wildfire-preparedness education and annual green-waste recycling events",First-party civic nonprofit,"Fire safety, preparedness, public meetings, recycling, volunteer",First-party site plus structured First District series,Structured recurring series through First District,First-party monitoring + First District event instances,5,5,5,Very High,Verified,Public,public,
SRC-0202,Lucerne Valley Museum & History Association,https://www.lucernevalleymuseum.org/,Museum / historical association,association_calendar,Lucerne Valley Museum & History Association,ENT-0212,Lucerne Valley,"First Saturday open tours, Final Fridays, Evening Desert Series, field trips, talks, kids' crafts and association meetings",First-party museum/cultural organization,"Museum, history, talks, field trips, crafts, family, culture",First-party museum site with active-calendar framing and monthly happenings,No structured feed confirmed,Page/social monitoring + recurring-series extraction,5,5,4,Very High,Verified,Public,public,
SRC-0203,Lucerne Valley Roadrunners,https://lucernevalleychamber.org/clubs-%26-civic-groups,Youth/community nonprofit source,nonprofit_calendar,Lucerne Valley Roadrunners,ENT-0213,Lucerne Valley,"Easter egg hunt, tailgate trick-or-treat, toy run, scholarships and family-oriented youth/community events",Chamber canonical community directory / organization social,"Youth, family, holiday, community service",Chamber civic-group profile with Facebook event lead,Facebook for future event details,Chamber directory + social monitoring,4,4,3,High,Verified,Public,public,
SRC-0204,Lucerne Valley Root Diggers Genealogy Association,http://www.lucernevalley.net/orgs/roots/,Genealogy/history affinity group,association_calendar,Lucerne Valley Root Diggers Genealogy Association,ENT-0214,Lucerne Valley,"Monthly genealogy meetings, research support and local-history activities",First-party/legacy affinity-group site + chamber directory,"Genealogy, history, hobby, education",Legacy website plus Chamber recurring schedule,No modern feed found,Recurring meeting extraction + chamber reconciliation,4,4,2,Medium,Verified,Public / membership optional,mixed,
SRC-0205,Lucerne Valley Moose Lodge 2096,https://lucernevalleychamber.org/clubs-%26-civic-groups,Fraternal/social club / event venue,venue_page,Lucerne Valley Moose Lodge 2096,ENT-0215,Lucerne Valley,"Weekly burgers, tacos, karaoke, American Legion breakfast, lodge activities and host venue for multiple civic organizations",Chamber community directory + official Moose unit listing,"Karaoke, food, social, veterans, civic clubs, community",Recurring schedule published by Chamber; official lodge listing confirms unit/address,No feed found,Recurring schedule extraction + member/public access classification,5,5,3,Very High,Verified,Mixed,mixed,
SRC-0206,Lucerne Valley Economic Development Association (LVEDA),https://www.lveda.org/,Community/economic-development association,association_calendar,Lucerne Valley Economic Development Association,ENT-0216,Lucerne Valley,"Monthly open community forum plus community announcements, cleanups, infrastructure/development discussions and partner-event discovery",First-party nonprofit,"Civic, economic development, community meetings, cleanup, announcements",First-party agendas/minutes + Chamber resource listing,PDF agendas/minutes,Meeting/minutes monitoring + extract announced community events/partners,5,5,3,Very High,Verified,Public,public,
SRC-0207,Desert Crossroads Garden Club,https://www.roadrunnergardenclubs.com/desert-crossroads-garden-club.html,Garden club / affinity organization,association_calendar,Desert Crossroads Garden Club,ENT-0217,Lucerne Valley,"Monthly garden-club meetings, workshops, guest speakers and Water Awareness Garden activities",First-party affinity organization / Chamber-confirmed,"Gardening, workshop, education, community, hobby",First-party club website + Lucerne Valley Chamber recurring schedule,No structured feed found,First-party page + Chamber recurrence monitoring,4,5,3,High,Verified,Public / membership optional,mixed,
SRC-0208,Wild Wind Ranch Oak Hills,https://www.wildwindranchoakhills.com/,Ranch / equestrian / family event venue,venue_page,Wild Wind Ranch Oak Hills,ENT-0218,Oak Hills,"Horseback riding lessons, pony parties, homeschool co-op, educational animal programs, photo sessions and family activities",First-party nonprofit/ranch,"Equestrian, family, education, homeschool, parties, outdoor recreation",First-party ranch site with program/service pages,Inquiry/booking,Program/booking monitoring; promote dated public events when announced,4,5,3,High,Verified,Public with booking,public_with_registration,
SRC-0209,Mojave Archers Club & Range,https://www.mojavearchers.com/,Archery club / range / event producer,sports_league,Mojave Archers,ENT-0219,Phelan,"Public major shoots, member range activity, JOAD youth archery and community archery instruction",First-party nonprofit sports organization,"Archery, youth, competition, outdoor recreation","First-party club site with range, JOAD and public-shoot information",Club site / contact-based schedule,First-party monitoring + CSD partner reconciliation,5,5,4,Very High,Verified,Mixed,mixed,
SRC-0210,Shine Bright Paint,https://www.shinebrightpaint.net/,Mobile arts/event provider,other,Shine Bright Paint,ENT-0220,Southern California / Phelan programs,"Mobile paint parties, fundraisers, community functions and recurring Phelan CSD painting classes",First-party arts/event provider,"Painting, arts, family, fundraiser, community",First-party mobile-event site + CSD/Eventbrite partner records,Booking/inquiry,Provider monitoring + CSD event-instance reconciliation,4,5,3,High,Verified,Public with registration,public_with_registration,
SRC-0211,Drawing Together,https://www.drawingtogether.city/,Arts education nonprofit,school_calendar,Drawing Together,ENT-0221,Wrightwood / Phelan partner programming / regional,"Contemporary arts education, youth workshops, community art projects, summer camps and maker programs",First-party nonprofit / California Arts Council grantee,"Arts, youth, education, maker, wellness",First-party program site + California Arts Council + CSD partner listings,Registration pages,First-party program monitoring + partner event reconciliation,5,5,4,Very High,Verified,Public with registration,public_with_registration,
SRC-0212,Lucerne Valley Lions Club,https://lvlionsclub.com/,Civic/service club,other,Lucerne Valley Lions Club,ENT-0222,Lucerne Valley,"Monthly dinner meetings, volunteer/service activity, range/community programs and local civic events",First-party Lions club,"Civic club, volunteer, service, community",First-party club website with board and meeting schedule,No feed found,First-party page monitoring + Chamber calendar reconciliation,5,5,3,Very High,Verified,Mixed,mixed,
SRC-0213,Can You Dig It Ranch,https://canyoudigitranch.org/,Equine-assisted learning nonprofit,nonprofit_calendar,Can You Dig It Ranch,ENT-0223,Lucerne Valley,"Equine-assisted learning, psychotherapy, team-building and community/youth programming",First-party nonprofit,"Equine, wellness, education, youth, team building",First-party nonprofit site,Inquiry/program scheduling,Program monitoring; promote dated public/community events when announced,4,5,3,High,Verified,Public with booking/eligibility,public_with_eligibility,
