Production Rel ID,Legacy Edge ID,From Type,From Legacy ID,From Canonical ID,From Name,Relationship,To Type,To Legacy ID,To Canonical ID,To Name,Evidence Source ID,Confidence,Resolution Method,Notes
PR-00001,EDGE-00001,Source,SRC-0001,SRC-0001,City of Hesperia Calendar,published_by,Entity,,ENT-0235,City of Hesperia,SRC-0001,High,entity_resolution_pass,Source Registry organization field
PR-00002,EDGE-00002,Source,SRC-0002,SRC-0002,Hesperia Recreation & Park District Calendar,published_by,Entity,ENT-0001,ENT-0001,Hesperia Recreation and Park District,SRC-0002,High,canonical_id,Source Registry organization field
PR-00003,EDGE-00003,Source,SRC-0003,SRC-0003,Hesperia Recreation & Park District Events Page,published_by,Entity,ENT-0001,ENT-0001,Hesperia Recreation and Park District,SRC-0003,High,canonical_id,Source Registry organization field
PR-00004,EDGE-00004,Source,SRC-0004,SRC-0004,Town of Apple Valley Calendar,published_by,Entity,,ENT-0258,Town of Apple Valley,SRC-0004,High,entity_resolution_pass,Source Registry organization field
PR-00005,EDGE-00005,Source,SRC-0005,SRC-0005,Apple Valley Parks & Recreation Calendar,published_by,Entity,,ENT-0259,Town of Apple Valley Parks & Recreation,SRC-0005,High,entity_resolution_pass,Source Registry organization field
PR-00006,EDGE-00006,Source,SRC-0006,SRC-0006,City of Barstow Calendar,published_by,Entity,,ENT-0234,City of Barstow,SRC-0006,High,entity_resolution_pass,Source Registry organization field
PR-00007,EDGE-00007,Source,SRC-0007,SRC-0007,City of Barstow Meeting List,published_by,Entity,,ENT-0234,City of Barstow,SRC-0007,High,entity_resolution_pass,Source Registry organization field
PR-00008,EDGE-00008,Source,SRC-0008,SRC-0008,San Bernardino County Regional Parks Events,published_by,Entity,,ENT-0253,San Bernardino County Regional Parks,SRC-0008,High,entity_resolution_pass,Source Registry organization field
PR-00009,EDGE-00009,Source,SRC-0009,SRC-0009,Victor Valley Museum Events,published_by,Entity,,ENT-0251,San Bernardino County Museum,SRC-0009,High,entity_resolution_pass,Source Registry organization field
PR-00010,EDGE-00010,Source,SRC-0010,SRC-0010,San Bernardino County Library Events,published_by,Entity,,ENT-0250,San Bernardino County Library,SRC-0010,High,entity_resolution_pass,Source Registry organization field
PR-00011,EDGE-00011,Source,SRC-0011,SRC-0011,Apple Valley Branch Library Programs,published_by,Entity,,ENT-0250,San Bernardino County Library,SRC-0011,High,entity_resolution_pass,Source Registry organization field
PR-00012,EDGE-00012,Source,SRC-0012,SRC-0012,Hesperia Branch Library Programs,published_by,Entity,,ENT-0250,San Bernardino County Library,SRC-0012,High,entity_resolution_pass,Source Registry organization field
PR-00013,EDGE-00013,Source,SRC-0013,SRC-0013,Adelanto Branch Library Programs,published_by,Entity,,ENT-0250,San Bernardino County Library,SRC-0013,High,entity_resolution_pass,Source Registry organization field
PR-00014,EDGE-00014,Source,SRC-0014,SRC-0014,Victorville City Library Programming,published_by,Entity,,ENT-0237,City of Victorville Library,SRC-0014,High,entity_resolution_pass,Source Registry organization field
PR-00015,EDGE-00015,Source,SRC-0015,SRC-0015,VVUHSD Community Events Calendar,published_by,Entity,,ENT-0264,Victor Valley Union High School District,SRC-0015,High,entity_resolution_pass,Source Registry organization field
PR-00016,EDGE-00016,Source,SRC-0016,SRC-0016,Adelanto High School Calendar,published_by,Entity,,ENT-0264,Victor Valley Union High School District,SRC-0016,High,entity_resolution_pass,Source Registry organization field
PR-00017,EDGE-00017,Source,SRC-0017,SRC-0017,Greater High Desert Chamber Community Calendar,published_by,Entity,ENT-0011,ENT-0011,Greater High Desert Chamber of Commerce,SRC-0017,High,canonical_id,Source Registry organization field
PR-00018,EDGE-00018,Source,SRC-0018,SRC-0018,Victor Valley News Events,published_by,Entity,,ENT-0263,Victor Valley News,SRC-0018,High,entity_resolution_pass,Source Registry organization field
PR-00019,EDGE-00019,Source,SRC-0019,SRC-0019,Victor Valley College Upcoming Events,published_by,Entity,ENT-0012,ENT-0012,Victor Valley College,SRC-0019,High,canonical_id,Source Registry organization field
PR-00020,EDGE-00020,Source,SRC-0020,SRC-0020,Adelanto Plaza & Event Center,published_by,Entity,ENT-0014,ENT-0014,Adelanto Plaza & Event Center,SRC-0020,High,canonical_id,Source Registry organization field
PR-00021,EDGE-00021,Source,SRC-0021,SRC-0021,Victor Valley Community Concert Association,published_by,Entity,ENT-0015,ENT-0015,Victor Valley Community Concert Association,SRC-0021,High,canonical_id,Source Registry organization field
PR-00022,EDGE-00022,Source,SRC-0022,SRC-0022,Victor Valley Community Concert Association Ticketing,published_by,Entity,ENT-0015,ENT-0015,Victor Valley Community Concert Association,SRC-0022,High,canonical_id,Source Registry organization field
PR-00023,EDGE-00023,Source,SRC-0023,SRC-0023,Victor Valley College Performing Arts Center,published_by,Entity,ENT-0012,ENT-0012,Victor Valley College,SRC-0023,High,canonical_id,Source Registry organization field
PR-00024,EDGE-00024,Source,SRC-0024,SRC-0024,Hilltop Tavern & Inn Entertainment,published_by,Entity,ENT-0017,ENT-0017,Hilltop Tavern & Inn,SRC-0024,High,canonical_id,Source Registry organization field
PR-00025,EDGE-00025,Source,SRC-0025,SRC-0025,Cross Eyed Cow Pizza Events,published_by,Entity,ENT-0018,ENT-0018,Cross Eyed Cow Pizza,SRC-0025,High,canonical_id,Source Registry organization field
PR-00026,EDGE-00026,Source,SRC-0026,SRC-0026,Town's End Events,published_by,Entity,ENT-0019,ENT-0019,Town's End Bar and Grill,SRC-0026,High,canonical_id,Source Registry organization field
PR-00027,EDGE-00027,Source,SRC-0027,SRC-0027,Village Grind & Wine Events,published_by,Entity,ENT-0020,ENT-0020,Village Grind & Wine Cellar,SRC-0027,High,canonical_id,Source Registry organization field
PR-00028,EDGE-00028,Source,SRC-0028,SRC-0028,Groove Hunters Upcoming Shows,published_by,Entity,ENT-0021,ENT-0021,Groove Hunters,SRC-0028,High,canonical_id,Source Registry organization field
PR-00029,EDGE-00029,Source,SRC-0029,SRC-0029,Hesperia Leisure League,published_by,Entity,ENT-0022,ENT-0022,Hesperia Leisure League,SRC-0029,High,canonical_id,Source Registry organization field
PR-00030,EDGE-00030,Source,SRC-0030,SRC-0030,High Desert Astronomical Society / Night Sky Network,published_by,Entity,ENT-0023,ENT-0023,High Desert Astronomical Society,SRC-0030,High,canonical_id,Source Registry organization field
PR-00031,EDGE-00031,Source,SRC-0031,SRC-0031,Rotary Club of Apple Valley Calendar,published_by,Entity,,ENT-0247,Rotary Club of Apple Valley,SRC-0031,High,entity_resolution_pass,Source Registry organization field
PR-00032,EDGE-00032,Source,SRC-0032,SRC-0032,Eventbrite Victorville Comedy Discovery,published_by,Entity,,ENT-0240,Eventbrite,SRC-0032,High,entity_resolution_pass,Source Registry organization field
PR-00033,EDGE-00033,Source,SRC-0033,SRC-0033,Linebreakers Event Tickets,published_by,Entity,ENT-0031,ENT-0031,"Linebreakers | Games, Cards, Comics",SRC-0033,High,canonical_id,Source Registry organization field
PR-00034,EDGE-00034,Source,SRC-0034,SRC-0034,YesTCG Inland Empire Events,published_by,Entity,,ENT-0265,YesTCG,SRC-0034,High,entity_resolution_pass,Source Registry organization field
PR-00035,EDGE-00035,Source,SRC-0035,SRC-0035,Baseball & Games TCG Events,published_by,Entity,ENT-0032,ENT-0032,Baseball & Games,SRC-0035,High,canonical_id,Source Registry organization field
PR-00036,EDGE-00036,Source,SRC-0036,SRC-0036,Sevens Goods / Paladin's Rest TCG Events,published_by,Entity,ENT-0033,ENT-0033,Sevens Goods and The Paladin's Rest,SRC-0036,High,canonical_id,Source Registry organization field
PR-00037,EDGE-00037,Source,SRC-0037,SRC-0037,Paladin's Rest TavernFinder Schedule,published_by,Entity,ENT-0033,ENT-0033,Sevens Goods and The Paladin's Rest,SRC-0037,High,canonical_id,Source Registry organization field
PR-00038,EDGE-00038,Source,SRC-0038,SRC-0038,Comic Cult HD,published_by,Entity,ENT-0034,ENT-0034,Comic Cult HD,SRC-0038,High,canonical_id,Source Registry organization field
PR-00039,EDGE-00039,Source,SRC-0039,SRC-0039,The Hot Spot Studios — High Desert,published_by,Entity,,ENT-0035,The Hot Spot Studios,SRC-0039,High,entity_resolution_pass,Source Registry organization field
PR-00040,EDGE-00040,Source,SRC-0040,SRC-0040,Green Tree Golf Club — Golf Outings,published_by,Entity,ENT-0036,ENT-0036,Green Tree Golf Club,SRC-0040,High,canonical_id,Source Registry organization field
PR-00041,EDGE-00041,Source,SRC-0041,SRC-0041,Apple Valley Gun Club Calendar,published_by,Entity,ENT-0037,ENT-0037,Apple Valley Gun Club,SRC-0041,High,canonical_id,Source Registry organization field
PR-00042,EDGE-00042,Source,SRC-0042,SRC-0042,Hesperia Community Church,published_by,Entity,ENT-0038,ENT-0038,Hesperia Community Church,SRC-0042,High,canonical_id,Source Registry organization field
PR-00043,EDGE-00043,Source,SRC-0043,SRC-0043,Calvary Chapel Apple Valley E-Bulletin,published_by,Entity,ENT-0039,ENT-0039,Calvary Chapel Apple Valley,SRC-0043,High,canonical_id,Source Registry organization field
PR-00044,EDGE-00044,Source,SRC-0044,SRC-0044,Saint Mary Coptic Orthodox Church Calendar,published_by,Entity,ENT-0040,ENT-0040,Saint Mary Coptic Orthodox Church,SRC-0044,High,canonical_id,Source Registry organization field
PR-00045,EDGE-00045,Source,SRC-0045,SRC-0045,Armenian Apostolic Church of High Desert,published_by,Entity,ENT-0041,ENT-0041,Armenian Apostolic Church of High Desert,SRC-0045,High,canonical_id,Source Registry organization field
PR-00046,EDGE-00046,Source,SRC-0046,SRC-0046,High Desert Church Events,published_by,Entity,ENT-0042,ENT-0042,High Desert Church,SRC-0046,High,canonical_id,Source Registry organization field
PR-00047,EDGE-00047,Source,SRC-0047,SRC-0047,Apple Valley Church of the Nazarene — Upcoming Events,published_by,Entity,ENT-0043,ENT-0043,Apple Valley Church of the Nazarene,SRC-0047,High,canonical_id,Source Registry organization field
PR-00048,EDGE-00048,Source,SRC-0048,SRC-0048,Victor Bowl,published_by,Entity,ENT-0045,ENT-0045,Victor Bowl,SRC-0048,High,canonical_id,Source Registry organization field
PR-00049,EDGE-00049,Source,SRC-0049,SRC-0049,Mojave River Valley Horsemen's Association,published_by,Entity,ENT-0046,ENT-0046,Mojave River Valley Horsemen's Association,SRC-0049,High,canonical_id,Source Registry organization field
PR-00050,EDGE-00050,Source,SRC-0050,SRC-0050,HD BMX / USA BMX Track,published_by,Entity,ENT-0047,ENT-0047,HD BMX,SRC-0050,High,canonical_id,Source Registry organization field
PR-00051,EDGE-00051,Source,SRC-0051,SRC-0051,Hesperia Parks — Youth & Adult Sports,published_by,Entity,ENT-0001,ENT-0001,Hesperia Recreation and Park District,SRC-0051,High,canonical_id,Source Registry organization field
PR-00052,EDGE-00052,Source,SRC-0052,SRC-0052,Victor Valley Christian Church Events,published_by,Entity,ENT-0049,ENT-0049,Victor Valley Christian Church,SRC-0052,High,canonical_id,Source Registry organization field
PR-00053,EDGE-00053,Source,SRC-0053,SRC-0053,Praise Chapel Apple Valley Events,published_by,Entity,ENT-0050,ENT-0050,Praise Chapel Apple Valley,SRC-0053,High,canonical_id,Source Registry organization field
PR-00054,EDGE-00054,Source,SRC-0054,SRC-0054,Thunderbird Square Dance Club,published_by,Entity,ENT-0051,ENT-0051,Thunderbird Square Dance Club,SRC-0054,High,canonical_id,Source Registry organization field
PR-00055,EDGE-00055,Source,SRC-0055,SRC-0055,San Bernardino County Public Health — Community Resources,published_by,Entity,ENT-0134,ENT-0134,San Bernardino County Department of Public Health,SRC-0055,High,canonical_id,Source Registry organization field
PR-00056,EDGE-00056,Source,SRC-0056,SRC-0056,Victor Elementary School District Family Resource Center — Community Resources,published_by,Entity,,ENT-0262,Victor Elementary School District Family Resource Center,SRC-0056,High,entity_resolution_pass,Source Registry organization field
PR-00057,EDGE-00057,Source,SRC-0057,SRC-0057,Rusty Bull Roadhouse,published_by,Entity,,ENT-0025,Rusty Bull Roadhouse,SRC-0057,High,entity_resolution_pass,Source Registry organization field
PR-00058,EDGE-00058,Source,SRC-0058,SRC-0058,Hesperia Heat AYSO Region 878,published_by,Entity,ENT-0058,ENT-0058,Hesperia Heat AYSO Region 878,SRC-0058,High,canonical_id,Source Registry organization field
PR-00059,EDGE-00059,Source,SRC-0059,SRC-0059,Hesperia Trojans Youth Football & Cheer,published_by,Entity,,ENT-0059,Hesperia Trojans,SRC-0059,High,entity_resolution_pass,Source Registry organization field
PR-00060,EDGE-00060,Source,SRC-0060,SRC-0060,AYSO Region 665 Victor Valley,published_by,Entity,ENT-0060,ENT-0060,AYSO Region 665,SRC-0060,High,canonical_id,Source Registry organization field
PR-00061,EDGE-00061,Source,SRC-0061,SRC-0061,Apple Valley Facility Rentals Directory,published_by,Entity,,ENT-0258,Town of Apple Valley,SRC-0061,High,entity_resolution_pass,Source Registry organization field
PR-00062,EDGE-00062,Source,SRC-0062,SRC-0062,The Singh Center for the Arts,published_by,Entity,,ENT-0258,Town of Apple Valley,SRC-0062,High,entity_resolution_pass,Source Registry organization field
PR-00063,EDGE-00063,Source,SRC-0063,SRC-0063,Apple Valley Conference Center,published_by,Entity,,ENT-0258,Town of Apple Valley,SRC-0063,High,entity_resolution_pass,Source Registry organization field
PR-00064,EDGE-00064,Source,SRC-0064,SRC-0064,Town Hall Recreation Center,published_by,Entity,,ENT-0258,Town of Apple Valley,SRC-0064,High,entity_resolution_pass,Source Registry organization field
PR-00065,EDGE-00065,Source,SRC-0065,SRC-0065,High Desert Second Chance Recurring Services,published_by,Entity,ENT-0064,ENT-0064,High Desert Second Chance,SRC-0065,High,canonical_id,Source Registry organization field
PR-00066,EDGE-00066,Source,SRC-0066,SRC-0066,Rescue Mission Alliance Valley Food Bank — Direct Assistance,published_by,Entity,,ENT-0225,Rescue Mission Alliance,SRC-0066,High,split_resolution,Source Registry organization field
PR-00067,EDGE-00066,Source,SRC-0066,SRC-0066,Rescue Mission Alliance Valley Food Bank — Direct Assistance,published_by,Entity,,ENT-0065,Victor Valley Rescue Mission,SRC-0066,High,split_resolution,Source Registry organization field
PR-00068,EDGE-00067,Source,SRC-0067,SRC-0067,San Bernardino County First District Venue/Event Pages,published_by,Entity,ENT-0138,ENT-0138,San Bernardino County First District Supervisor,SRC-0067,High,canonical_id,Source Registry organization field
PR-00069,EDGE-00068,Source,SRC-0068,SRC-0068,New Life Chapel Events,published_by,Entity,ENT-0067,ENT-0067,New Life Chapel,SRC-0068,High,canonical_id,Source Registry organization field
PR-00070,EDGE-00069,Source,SRC-0069,SRC-0069,Spirit Filled Family Church Hesperia Calendar,published_by,Entity,,ENT-0257,Spirit Filled Family Church,SRC-0069,High,entity_resolution_pass,Source Registry organization field
PR-00071,EDGE-00070,Source,SRC-0070,SRC-0070,Holy Family Catholic Church Hesperia,published_by,Entity,ENT-0069,ENT-0069,Holy Family Catholic Church,SRC-0070,High,canonical_id,Source Registry organization field
PR-00072,EDGE-00071,Source,SRC-0071,SRC-0071,The Village in Apple Valley Events,published_by,Entity,ENT-0070,ENT-0070,The Village in Apple Valley PBID,SRC-0071,High,canonical_id,Source Registry organization field
PR-00073,EDGE-00072,Source,SRC-0072,SRC-0072,Town of Apple Valley Our Town Magazine,published_by,Entity,,ENT-0258,Town of Apple Valley,SRC-0072,High,entity_resolution_pass,Source Registry organization field
PR-00074,EDGE-00073,Source,SRC-0073,SRC-0073,San Bernardino County Workforce Development High Desert Events,published_by,Entity,ENT-0073,ENT-0073,San Bernardino County Workforce Development Board,SRC-0073,High,canonical_id,Source Registry organization field
PR-00075,EDGE-00074,Source,SRC-0074,SRC-0074,San Bernardino County Public Defender Events,published_by,Entity,ENT-0074,ENT-0074,San Bernardino County Public Defender,SRC-0074,High,canonical_id,Source Registry organization field
PR-00076,EDGE-00075,Source,SRC-0075,SRC-0075,AYSO Region 665 Field & Tournament Information,published_by,Entity,ENT-0060,ENT-0060,AYSO Region 665,SRC-0075,High,canonical_id,Source Registry organization field
PR-00077,EDGE-00076,Source,SRC-0076,SRC-0076,Victor Valley Community Services Council Calendar,published_by,Entity,ENT-0075,ENT-0075,Victor Valley Community Services Council,SRC-0076,High,canonical_id,Source Registry organization field
PR-00078,EDGE-00077,Source,SRC-0077,SRC-0077,San Bernardino County Certified Farmers Markets Directory,published_by,Entity,,ENT-0248,San Bernardino County Agriculture/Weights & Measures,SRC-0077,High,entity_resolution_pass,Source Registry organization field
PR-00079,EDGE-00078,Source,SRC-0078,SRC-0078,San Bernardino County Environmental Health Farmers Market Events,published_by,Entity,,ENT-0249,San Bernardino County Environmental Health Services,SRC-0078,High,entity_resolution_pass,Source Registry organization field
PR-00080,EDGE-00079,Source,SRC-0079,SRC-0079,Our-HD High Desert Events,published_by,Entity,ENT-0080,ENT-0080,Our-HD,SRC-0079,High,canonical_id,Source Registry organization field
PR-00081,EDGE-00080,Source,SRC-0080,SRC-0080,The Mall of Victor Valley Events,published_by,Entity,ENT-0081,ENT-0081,The Mall of Victor Valley,SRC-0080,High,canonical_id,Source Registry organization field
PR-00082,EDGE-00081,Source,SRC-0081,SRC-0081,High Desert Marines Upcoming Events,published_by,Entity,ENT-0082,ENT-0082,High Desert Marines,SRC-0081,High,canonical_id,Source Registry organization field
PR-00083,EDGE-00082,Source,SRC-0082,SRC-0082,Today's Woman Foundation Events/Gala,published_by,Entity,ENT-0083,ENT-0083,Today's Woman Foundation,SRC-0082,High,canonical_id,Source Registry organization field
PR-00084,EDGE-00083,Source,SRC-0083,SRC-0083,Poised-N-Polished Events,published_by,Entity,ENT-0084,ENT-0084,Poised-N-Polished,SRC-0083,High,canonical_id,Source Registry organization field
PR-00085,EDGE-00084,Source,SRC-0084,SRC-0084,Triumph Foundation Event Calendar,published_by,Entity,ENT-0085,ENT-0085,Triumph Foundation,SRC-0084,High,canonical_id,Source Registry organization field
PR-00086,EDGE-00085,Source,SRC-0085,SRC-0085,Dance Dynamics Studios,published_by,Entity,ENT-0086,ENT-0086,Dance Dynamics Studios,SRC-0085,High,canonical_id,Source Registry organization field
PR-00087,EDGE-00086,Source,SRC-0086,SRC-0086,The Dance Scene,published_by,Entity,ENT-0087,ENT-0087,The Dance Scene,SRC-0086,High,canonical_id,Source Registry organization field
PR-00088,EDGE-00087,Source,SRC-0087,SRC-0087,Victorville Senior Citizens Club Calendar,published_by,Entity,ENT-0088,ENT-0088,Victorville Senior Citizens Club,SRC-0087,High,canonical_id,Source Registry organization field
PR-00089,EDGE-00088,Source,SRC-0088,SRC-0088,Apple Valley Senior Citizens Club,published_by,Entity,ENT-0089,ENT-0089,Apple Valley Senior Citizens Club,SRC-0088,High,canonical_id,Source Registry organization field
PR-00090,EDGE-00089,Source,SRC-0089,SRC-0089,Solstice at Apple Valley Activities & Events,published_by,Entity,ENT-0090,ENT-0090,Solstice Senior Living at Apple Valley,SRC-0089,High,canonical_id,Source Registry organization field
PR-00091,EDGE-00090,Source,SRC-0090,SRC-0090,Hesperia Music Academy Calendar,published_by,Entity,ENT-0091,ENT-0091,Hesperia Music Academy,SRC-0090,High,canonical_id,Source Registry organization field
PR-00092,EDGE-00091,Source,SRC-0091,SRC-0091,High Desert Hispanic Chamber of Commerce Events,published_by,Entity,ENT-0092,ENT-0092,High Desert Hispanic Chamber of Commerce,SRC-0091,High,canonical_id,Source Registry organization field
PR-00093,EDGE-00092,Source,SRC-0092,SRC-0092,FORGE Foundation Events & Programs,published_by,Entity,ENT-0093,ENT-0093,FORGE Foundation,SRC-0092,High,canonical_id,Source Registry organization field
PR-00094,EDGE-00093,Source,SRC-0093,SRC-0093,Off The Grid Brewery — Events & Trucks,published_by,Entity,ENT-0094,ENT-0094,Off The Grid Brewery,SRC-0093,High,canonical_id,Source Registry organization field
PR-00095,EDGE-00094,Source,SRC-0094,SRC-0094,Better Days High Desert,published_by,Entity,ENT-0095,ENT-0095,Better Days,SRC-0094,High,canonical_id,Source Registry organization field
PR-00096,EDGE-00095,Source,SRC-0095,SRC-0095,HEIR Cafe & Events,published_by,Entity,ENT-0096,ENT-0096,HEIR Cafe & Events,SRC-0095,High,canonical_id,Source Registry organization field
PR-00097,EDGE-00096,Source,SRC-0096,SRC-0096,3rd Strike Beer Co. Trivia / Events,published_by,Entity,ENT-0097,ENT-0097,3rd Strike Beer Co.,SRC-0096,High,canonical_id,Source Registry organization field
PR-00098,EDGE-00097,Source,SRC-0097,SRC-0097,VFW Post 2924 Joshua Palms — Karaoke Events,published_by,Entity,ENT-0098,ENT-0098,VFW Post 2924 Joshua Palms,SRC-0097,High,canonical_id,Source Registry organization field
PR-00099,EDGE-00099,Source,SRC-0099,SRC-0099,LifeStream City of Hesperia Blood Drives,published_by,Entity,ENT-0100,ENT-0100,LifeStream Blood Bank,SRC-0099,High,canonical_id,Source Registry organization field
PR-00100,EDGE-00100,Source,SRC-0100,SRC-0100,FORGE Foundation Programs,published_by,Entity,ENT-0093,ENT-0093,FORGE Foundation,SRC-0100,High,canonical_id,Source Registry organization field
PR-00101,EDGE-00101,Source,SRC-0101,SRC-0101,DAV Chapter 92 — Bill Kinnard,published_by,Entity,,ENT-0101,Disabled American Veterans Chapter 92,SRC-0101,High,entity_resolution_pass,Source Registry organization field
PR-00102,EDGE-00102,Source,SRC-0102,SRC-0102,High Desert Vet Center,published_by,Entity,,ENT-0260,U.S. Department of Veterans Affairs,SRC-0102,High,entity_resolution_pass,Source Registry organization field
PR-00103,EDGE-00103,Source,SRC-0103,SRC-0103,Providence St. Mary Support Groups,published_by,Entity,,ENT-0246,Providence St. Mary Medical Center,SRC-0103,High,entity_resolution_pass,Source Registry organization field
PR-00104,EDGE-00104,Source,SRC-0104,SRC-0104,Providence St. Mary Senior Select,published_by,Entity,,ENT-0246,Providence St. Mary Medical Center,SRC-0104,High,entity_resolution_pass,Source Registry organization field
PR-00105,EDGE-00105,Source,SRC-0105,SRC-0105,Rhea Lana's of The High Desert,published_by,Entity,ENT-0104,ENT-0104,Rhea Lana's of The High Desert,SRC-0105,High,canonical_id,Source Registry organization field
PR-00106,EDGE-00106,Source,SRC-0106,SRC-0106,Gladiator Challenge,published_by,Entity,ENT-0105,ENT-0105,Gladiator Challenge,SRC-0106,High,canonical_id,Source Registry organization field
PR-00107,EDGE-00107,Source,SRC-0107,SRC-0107,High Desert Home Shows,published_by,Entity,ENT-0106,ENT-0106,High Desert Home Shows,SRC-0107,High,canonical_id,Source Registry organization field
PR-00108,EDGE-00108,Source,SRC-0108,SRC-0108,Crown City Cat Club — CFA Event,published_by,Entity,,ENT-0107,Crown City Cat Club,SRC-0108,High,split_resolution,Source Registry organization field
PR-00109,EDGE-00108,Source,SRC-0108,SRC-0108,Crown City Cat Club — CFA Event,published_by,Entity,,ENT-0226,Cat Fanciers' Association,SRC-0108,High,split_resolution,Source Registry organization field
PR-00110,EDGE-00109,Source,SRC-0109,SRC-0109,Bingo Loco — Victorville,published_by,Entity,ENT-0108,ENT-0108,Bingo Loco,SRC-0109,High,canonical_id,Source Registry organization field
PR-00111,EDGE-00110,Source,SRC-0110,SRC-0110,Joshua Inn Bar,published_by,Entity,ENT-0109,ENT-0109,Joshua Inn,SRC-0110,High,canonical_id,Source Registry organization field
PR-00112,EDGE-00111,Source,SRC-0111,SRC-0111,Ricky's Bar Entertainment Discovery,published_by,Entity,ENT-0110,ENT-0110,Ricky's Bar,SRC-0111,High,canonical_id,Source Registry organization field
PR-00113,EDGE-00112,Source,SRC-0112,SRC-0112,Wheel2Wheel Raceway Events,published_by,Entity,ENT-0119,ENT-0119,Wheel2Wheel Raceway,SRC-0112,High,canonical_id,Source Registry organization field
PR-00114,EDGE-00113,Source,SRC-0113,SRC-0113,SoCal Mower Racing 2026 Schedule,published_by,Entity,ENT-0120,ENT-0120,SoCal Mower Racing,SRC-0113,High,canonical_id,Source Registry organization field
PR-00115,EDGE-00114,Source,SRC-0114,SRC-0114,Fuentez Entertainment — Ticketón Promoter Catalog,published_by,Entity,ENT-0121,ENT-0121,Fuentez Entertainment LLC,SRC-0114,High,canonical_id,Source Registry organization field
PR-00116,EDGE-00115,Source,SRC-0115,SRC-0115,Little Mania Wrestling Tour Calendar,published_by,Entity,ENT-0122,ENT-0122,Little Mania Wrestling,SRC-0115,High,canonical_id,Source Registry organization field
PR-00117,EDGE-00116,Source,SRC-0116,SRC-0116,Frogee's Cocktail Lounge — Bandsintown Venue Feed,published_by,Entity,ENT-0111,ENT-0111,Frogee's Cocktail Lounge,SRC-0116,High,canonical_id,Source Registry organization field
PR-00118,EDGE-00117,Source,SRC-0117,SRC-0117,Providence St. Mary Stroke Support Group,published_by,Entity,,ENT-0246,Providence St. Mary Medical Center,SRC-0117,High,entity_resolution_pass,Source Registry organization field
PR-00119,EDGE-00118,Source,SRC-0118,SRC-0118,El Dorado Broadcasters — Girls Day Out,published_by,Entity,ENT-0123,ENT-0127,El Dorado Broadcasters,SRC-0118,High,canonical_id,Source Registry organization field
PR-00120,EDGE-00119,Source,SRC-0119,SRC-0119,Desert Valley Hospital Fall Health Fair,published_by,Entity,ENT-0124,ENT-0124,Desert Valley Hospital / Desert Valley Medical Group,SRC-0119,High,canonical_id,Source Registry organization field
PR-00121,EDGE-00120,Source,SRC-0120,SRC-0120,San Bernardino County Fair & Event Center Master Calendar,published_by,Entity,,ENT-0125,San Bernardino County Fair & Event Center,SRC-0120,High,split_resolution,Source Registry organization field
PR-00122,EDGE-00120,Source,SRC-0120,SRC-0120,San Bernardino County Fair & Event Center Master Calendar,published_by,Entity,,ENT-0227,28th District Agricultural Association,SRC-0120,High,split_resolution,Source Registry organization field
PR-00123,EDGE-00121,Source,SRC-0121,SRC-0121,Hesperia Wranglers,published_by,Entity,ENT-0126,ENT-0126,Hesperia Wranglers,SRC-0121,High,canonical_id,Source Registry organization field
PR-00124,EDGE-00122,Source,SRC-0122,SRC-0122,El Dorado Broadcasters Events & Promotions,published_by,Entity,ENT-0123,ENT-0127,El Dorado Broadcasters,SRC-0122,High,canonical_id,Source Registry organization field
PR-00125,EDGE-00123,Source,SRC-0123,SRC-0123,Kiwanis Club of Victorville,published_by,Entity,ENT-0128,ENT-0128,Kiwanis Club of Victorville,SRC-0123,High,canonical_id,Source Registry organization field
PR-00126,EDGE-00124,Source,SRC-0124,SRC-0124,Providence St. Mary Medical Center Foundation Events,published_by,Entity,ENT-0129,ENT-0129,Providence St. Mary Medical Center Foundation,SRC-0124,High,canonical_id,Source Registry organization field
PR-00127,EDGE-00125,Source,SRC-0125,SRC-0125,Desert Valley Hospital & Medical Group Community Outreach,published_by,Entity,,ENT-0124,Desert Valley Hospital & Medical Group,SRC-0125,High,entity_resolution_pass,Source Registry organization field
PR-00128,EDGE-00126,Source,SRC-0126,SRC-0126,Hesperia Wranglers Trail Rides & Playdays,published_by,Entity,ENT-0126,ENT-0126,Hesperia Wranglers,SRC-0126,High,canonical_id,Source Registry organization field
PR-00129,EDGE-00127,Source,SRC-0127,SRC-0127,San Bernardino County 'Things to Do' Roundup,published_by,Entity,,ENT-0229,San Bernardino County,SRC-0127,High,entity_resolution_pass,Source Registry organization field
PR-00130,EDGE-00128,Source,SRC-0128,SRC-0128,San Bernardino County Department of Behavioral Health Events,published_by,Entity,ENT-0132,ENT-0132,San Bernardino County Department of Behavioral Health,SRC-0128,High,canonical_id,Source Registry organization field
PR-00131,EDGE-00129,Source,SRC-0129,SRC-0129,San Bernardino County Department of Public Health Events,published_by,Entity,ENT-0134,ENT-0134,San Bernardino County Department of Public Health,SRC-0129,High,canonical_id,Source Registry organization field
PR-00132,EDGE-00130,Source,SRC-0130,SRC-0130,San Bernardino County Airports Events,published_by,Entity,ENT-0135,ENT-0135,San Bernardino County Airports,SRC-0130,High,canonical_id,Source Registry organization field
PR-00133,EDGE-00131,Source,SRC-0131,SRC-0131,San Bernardino County Land Use Services Community Cleanups,published_by,Entity,,ENT-0137,San Bernardino County Land Use Services / Code Enforcement,SRC-0131,High,entity_resolution_pass,Source Registry organization field
PR-00134,EDGE-00132,Source,SRC-0132,SRC-0132,San Bernardino County First District Events Calendar,published_by,Entity,ENT-0138,ENT-0138,San Bernardino County First District Supervisor,SRC-0132,High,canonical_id,Source Registry organization field
PR-00135,EDGE-00133,Source,SRC-0133,SRC-0133,San Bernardino County Museum Master Events Calendar,published_by,Entity,,ENT-0251,San Bernardino County Museum,SRC-0133,High,entity_resolution_pass,Source Registry organization field
PR-00136,EDGE-00134,Source,SRC-0134,SRC-0134,San Bernardino County Countywide Calendar,published_by,Entity,,ENT-0229,San Bernardino County,SRC-0134,High,entity_resolution_pass,Source Registry organization field
PR-00137,EDGE-00135,Source,SRC-0135,SRC-0135,San Bernardino County Animal Care Events,published_by,Entity,ENT-0139,ENT-0139,San Bernardino County Animal Care,SRC-0135,High,canonical_id,Source Registry organization field
PR-00138,EDGE-00136,Source,SRC-0136,SRC-0136,San Bernardino County Human Resources Events,published_by,Entity,ENT-0140,ENT-0140,San Bernardino County Human Resources,SRC-0136,High,canonical_id,Source Registry organization field
PR-00139,EDGE-00137,Source,SRC-0137,SRC-0137,San Bernardino County Sheriff's Jobs Events,published_by,Entity,,ENT-0254,San Bernardino County Sheriff's Department,SRC-0137,High,entity_resolution_pass,Source Registry organization field
PR-00140,EDGE-00138,Source,SRC-0138,SRC-0138,San Bernardino County Child Support Services Events,published_by,Entity,,ENT-0142,San Bernardino County Department of Child Support Services,SRC-0138,High,entity_resolution_pass,Source Registry organization field
PR-00141,EDGE-00139,Source,SRC-0139,SRC-0139,San Bernardino County Children and Family Services Community Events,published_by,Entity,ENT-0143,ENT-0143,San Bernardino County Children and Family Services,SRC-0139,High,canonical_id,Source Registry organization field
PR-00142,EDGE-00140,Source,SRC-0140,SRC-0140,San Bernardino County District Attorney Community Events,published_by,Entity,ENT-0144,ENT-0144,San Bernardino County District Attorney,SRC-0140,High,canonical_id,Source Registry organization field
PR-00143,EDGE-00141,Source,SRC-0141,SRC-0141,San Bernardino County Economic Development Agency Events,published_by,Entity,ENT-0145,ENT-0145,San Bernardino County Economic Development Agency,SRC-0141,High,canonical_id,Source Registry organization field
PR-00144,EDGE-00142,Source,SRC-0142,SRC-0142,San Bernardino County Fire Events,published_by,Entity,ENT-0146,ENT-0146,San Bernardino County Fire Protection District,SRC-0142,High,canonical_id,Source Registry organization field
PR-00145,EDGE-00143,Source,SRC-0143,SRC-0143,San Bernardino County Transitional Assistance Department Events,published_by,Entity,ENT-0147,ENT-0147,San Bernardino County Transitional Assistance Department,SRC-0143,High,canonical_id,Source Registry organization field
PR-00146,EDGE-00144,Source,SRC-0144,SRC-0144,First 5 San Bernardino Events & Community Engagement,published_by,Entity,ENT-0148,ENT-0148,First 5 San Bernardino,SRC-0144,High,canonical_id,Source Registry organization field
PR-00147,EDGE-00145,Source,SRC-0145,SRC-0145,San Bernardino County Veterans Affairs,published_by,Entity,ENT-0149,ENT-0149,San Bernardino County Veterans Affairs,SRC-0145,High,canonical_id,Source Registry organization field
PR-00148,EDGE-00146,Source,SRC-0146,SRC-0146,San Bernardino County Aging & Adult Services Events,published_by,Entity,ENT-0150,ENT-0150,San Bernardino County Aging and Adult Services – Public Guardian,SRC-0146,High,canonical_id,Source Registry organization field
PR-00149,EDGE-00147,Source,SRC-0147,SRC-0147,San Bernardino County Third District Events & Community Calendar,published_by,Entity,ENT-0151,ENT-0151,San Bernardino County Third District Supervisor,SRC-0147,High,canonical_id,Source Registry organization field
PR-00150,EDGE-00148,Source,SRC-0149,SRC-0149,San Bernardino County Children's Network Events,published_by,Entity,ENT-0153,ENT-0153,San Bernardino County Children's Network,SRC-0149,High,canonical_id,Source Registry organization field
PR-00151,EDGE-00149,Source,SRC-0150,SRC-0150,San Bernardino County Homeless Partnership Events,published_by,Entity,,ENT-0152,San Bernardino County Office of Homeless Services,SRC-0150,High,split_resolution,Source Registry organization field
PR-00152,EDGE-00149,Source,SRC-0150,SRC-0150,San Bernardino County Homeless Partnership Events,published_by,Entity,,ENT-0154,San Bernardino County Homeless Partnership,SRC-0150,High,split_resolution,Source Registry organization field
PR-00153,EDGE-00150,Source,SRC-0151,SRC-0151,San Bernardino County Public Works Solid Waste Events,published_by,Entity,ENT-0155,ENT-0155,San Bernardino County Public Works — Solid Waste Management,SRC-0151,High,canonical_id,Source Registry organization field
PR-00154,EDGE-00151,Source,SRC-0002,SRC-0002,Hesperia Recreation & Park District Calendar,discovered_by,Entity,ENT-0001,ENT-0001,Hesperia Recreation and Park District,SRC-0002,High,canonical_id,Entities & Partners Discovered From field
PR-00155,EDGE-00152,Entity,ENT-0002,ENT-0002,Hesperia Lake Park,part_of,Entity,ENT-0001,ENT-0001,Hesperia Recreation and Park District,SRC-0002,High,canonical_id,Parent Organization field
PR-00156,EDGE-00153,Source,SRC-0002,SRC-0002,Hesperia Recreation & Park District Calendar,discovered_by,Entity,ENT-0002,ENT-0002,Hesperia Lake Park,SRC-0002,High,canonical_id,Entities & Partners Discovered From field
PR-00157,EDGE-00154,Entity,ENT-0003,ENT-0003,Percy Bakker Community Center,part_of,Entity,ENT-0001,ENT-0001,Hesperia Recreation and Park District,SRC-0002,High,canonical_id,Parent Organization field
PR-00158,EDGE-00155,Source,SRC-0002,SRC-0002,Hesperia Recreation & Park District Calendar,discovered_by,Entity,ENT-0003,ENT-0003,Percy Bakker Community Center,SRC-0002,High,canonical_id,Entities & Partners Discovered From field
PR-00159,EDGE-00156,Entity,ENT-0004,ENT-0004,Lime Street Park and Community Center,part_of,Entity,ENT-0001,ENT-0001,Hesperia Recreation and Park District,SRC-0002,High,canonical_id,Parent Organization field
PR-00160,EDGE-00157,Source,SRC-0002,SRC-0002,Hesperia Recreation & Park District Calendar,discovered_by,Entity,ENT-0004,ENT-0004,Lime Street Park and Community Center,SRC-0002,High,canonical_id,Entities & Partners Discovered From field
PR-00161,EDGE-00158,Entity,ENT-0005,ENT-0005,Mojave Narrows Regional Park,part_of,Entity,,ENT-0253,San Bernardino County Regional Parks,SRC-0008,High,entity_resolution_pass,Parent Organization field
PR-00162,EDGE-00159,Source,SRC-0008,SRC-0008,San Bernardino County Regional Parks Events,discovered_by,Entity,ENT-0005,ENT-0005,Mojave Narrows Regional Park,SRC-0008,High,canonical_id,Entities & Partners Discovered From field
PR-00163,EDGE-00160,Entity,ENT-0006,ENT-0006,Victor Valley Museum,part_of,Entity,,ENT-0251,San Bernardino County Museum,SRC-0009,High,entity_resolution_pass,Parent Organization field
PR-00164,EDGE-00161,Source,SRC-0009,SRC-0009,Victor Valley Museum Events,discovered_by,Entity,ENT-0006,ENT-0006,Victor Valley Museum,SRC-0009,High,canonical_id,Entities & Partners Discovered From field
PR-00165,EDGE-00162,Entity,ENT-0007,ENT-0007,Newton T. Bass Apple Valley Branch Library,part_of,Entity,,ENT-0250,San Bernardino County Library,SRC-0010,High,entity_resolution_pass,Parent Organization field
PR-00166,EDGE-00163,Source,SRC-0010,SRC-0010,San Bernardino County Library Events,discovered_by,Entity,ENT-0007,ENT-0007,Newton T. Bass Apple Valley Branch Library,SRC-0010,High,canonical_id,Entities & Partners Discovered From field
PR-00167,EDGE-00164,Entity,ENT-0008,ENT-0008,Hesperia Branch Library,part_of,Entity,,ENT-0250,San Bernardino County Library,SRC-0010,High,entity_resolution_pass,Parent Organization field
PR-00168,EDGE-00165,Source,SRC-0010,SRC-0010,San Bernardino County Library Events,discovered_by,Entity,ENT-0008,ENT-0008,Hesperia Branch Library,SRC-0010,High,canonical_id,Entities & Partners Discovered From field
PR-00169,EDGE-00166,Entity,ENT-0009,ENT-0009,Adelanto Branch Library,part_of,Entity,,ENT-0250,San Bernardino County Library,SRC-0010,High,entity_resolution_pass,Parent Organization field
PR-00170,EDGE-00167,Source,SRC-0010,SRC-0010,San Bernardino County Library Events,discovered_by,Entity,ENT-0009,ENT-0009,Adelanto Branch Library,SRC-0010,High,canonical_id,Entities & Partners Discovered From field
PR-00171,EDGE-00168,Entity,ENT-0010,ENT-0010,Victorville City Library,part_of,Entity,,ENT-0236,City of Victorville,SRC-0014,High,entity_resolution_pass,Parent Organization field
PR-00172,EDGE-00169,Source,SRC-0014,SRC-0014,Victorville City Library Programming,discovered_by,Entity,ENT-0010,ENT-0010,Victorville City Library,SRC-0014,High,canonical_id,Entities & Partners Discovered From field
PR-00173,EDGE-00170,Source,SRC-0017,SRC-0017,Greater High Desert Chamber Community Calendar,discovered_by,Entity,ENT-0011,ENT-0011,Greater High Desert Chamber of Commerce,SRC-0017,High,canonical_id,Entities & Partners Discovered From field
PR-00174,EDGE-00171,Source,SRC-0019,SRC-0019,Victor Valley College Upcoming Events,discovered_by,Entity,ENT-0012,ENT-0012,Victor Valley College,SRC-0019,High,canonical_id,Entities & Partners Discovered From field
PR-00175,EDGE-00172,Source,SRC-0002,SRC-0002,Hesperia Recreation & Park District Calendar,discovered_by,Entity,ENT-0013,ENT-0013,SALVA,SRC-0002,High,canonical_id,Entities & Partners Discovered From field
PR-00176,EDGE-00173,Source,SRC-0020,SRC-0020,Adelanto Plaza & Event Center,discovered_by,Entity,ENT-0014,ENT-0014,Adelanto Plaza & Event Center,SRC-0020,High,canonical_id,Entities & Partners Discovered From field
PR-00177,EDGE-00174,Source,SRC-0021,SRC-0021,Victor Valley Community Concert Association,discovered_by,Entity,ENT-0015,ENT-0015,Victor Valley Community Concert Association,SRC-0021,High,canonical_id,Entities & Partners Discovered From field
PR-00178,EDGE-00175,Entity,ENT-0016,ENT-0016,Victor Valley College Performing Arts Center,part_of,Entity,ENT-0012,ENT-0012,Victor Valley College,SRC-0023,High,canonical_id,Parent Organization field
PR-00179,EDGE-00176,Source,SRC-0023,SRC-0023,Victor Valley College Performing Arts Center,discovered_by,Entity,ENT-0016,ENT-0016,Victor Valley College Performing Arts Center,SRC-0023,High,canonical_id,Entities & Partners Discovered From field
PR-00180,EDGE-00177,Source,SRC-0024,SRC-0024,Hilltop Tavern & Inn Entertainment,discovered_by,Entity,ENT-0017,ENT-0017,Hilltop Tavern & Inn,SRC-0024,High,canonical_id,Entities & Partners Discovered From field
PR-00181,EDGE-00178,Source,SRC-0025,SRC-0025,Cross Eyed Cow Pizza Events,discovered_by,Entity,ENT-0018,ENT-0018,Cross Eyed Cow Pizza,SRC-0025,High,canonical_id,Entities & Partners Discovered From field
PR-00182,EDGE-00179,Source,SRC-0026,SRC-0026,Town's End Events,discovered_by,Entity,ENT-0019,ENT-0019,Town's End Bar and Grill,SRC-0026,High,canonical_id,Entities & Partners Discovered From field
PR-00183,EDGE-00180,Source,SRC-0027,SRC-0027,Village Grind & Wine Events,discovered_by,Entity,ENT-0020,ENT-0020,Village Grind & Wine Cellar,SRC-0027,High,canonical_id,Entities & Partners Discovered From field
PR-00184,EDGE-00181,Source,SRC-0028,SRC-0028,Groove Hunters Upcoming Shows,discovered_by,Entity,ENT-0021,ENT-0021,Groove Hunters,SRC-0028,High,canonical_id,Entities & Partners Discovered From field
PR-00185,EDGE-00182,Source,SRC-0029,SRC-0029,Hesperia Leisure League,discovered_by,Entity,ENT-0022,ENT-0022,Hesperia Leisure League,SRC-0029,High,canonical_id,Entities & Partners Discovered From field
PR-00186,EDGE-00183,Source,SRC-0030,SRC-0030,High Desert Astronomical Society / Night Sky Network,discovered_by,Entity,ENT-0023,ENT-0023,High Desert Astronomical Society,SRC-0030,High,canonical_id,Entities & Partners Discovered From field
PR-00187,EDGE-00184,Entity,ENT-0024,ENT-0024,Luz Observatory,part_of,Entity,ENT-0023,ENT-0023,High Desert Astronomical Society,SRC-0030,High,canonical_id,Parent Organization field
PR-00188,EDGE-00185,Source,SRC-0030,SRC-0030,High Desert Astronomical Society / Night Sky Network,discovered_by,Entity,ENT-0024,ENT-0024,Luz Observatory,SRC-0030,High,canonical_id,Entities & Partners Discovered From field
PR-00189,EDGE-00186,Source,SRC-0028,SRC-0028,Groove Hunters Upcoming Shows,discovered_by,Entity,ENT-0025,ENT-0025,Rusty Bull,SRC-0028,High,canonical_id,Entities & Partners Discovered From field
PR-00190,EDGE-00187,Source,SRC-0028,SRC-0028,Groove Hunters Upcoming Shows,discovered_by,Entity,ENT-0026,ENT-0026,Cafe 247,SRC-0028,High,canonical_id,Entities & Partners Discovered From field
PR-00191,EDGE-00188,Source,SRC-0028,SRC-0028,Groove Hunters Upcoming Shows,discovered_by,Entity,ENT-0027,ENT-0027,Silver Lakes Restaurant,SRC-0028,High,canonical_id,Entities & Partners Discovered From field
PR-00192,EDGE-00189,Source,SRC-0032,SRC-0032,Eventbrite Victorville Comedy Discovery,discovered_by,Entity,ENT-0028,ENT-0028,The Vault Martini Bar & Grill,SRC-0032,High,canonical_id,Entities & Partners Discovered From field
PR-00193,EDGE-00190,Source,SRC-0032,SRC-0032,Eventbrite Victorville Comedy Discovery,discovered_by,Entity,ENT-0029,ENT-0029,Loud Burger,SRC-0032,High,canonical_id,Entities & Partners Discovered From field
PR-00194,EDGE-00191,Source,SRC-0033,SRC-0033,Linebreakers Event Tickets,discovered_by,Entity,ENT-0031,ENT-0031,"Linebreakers | Games, Cards, Comics",SRC-0033,High,canonical_id,Entities & Partners Discovered From field
PR-00195,EDGE-00192,Source,SRC-0035,SRC-0035,Baseball & Games TCG Events,discovered_by,Entity,ENT-0032,ENT-0032,Baseball & Games,SRC-0035,High,canonical_id,Entities & Partners Discovered From field
PR-00196,EDGE-00193,Source,SRC-0036,SRC-0036,Sevens Goods / Paladin's Rest TCG Events,discovered_by,Entity,ENT-0033,ENT-0033,Sevens Goods and The Paladin's Rest,SRC-0036,High,canonical_id,Entities & Partners Discovered From field
PR-00197,EDGE-00194,Source,SRC-0038,SRC-0038,Comic Cult HD,discovered_by,Entity,ENT-0034,ENT-0034,Comic Cult HD,SRC-0038,High,canonical_id,Entities & Partners Discovered From field
PR-00198,EDGE-00195,Entity,ENT-0035,ENT-0035,The Hot Spot Studios — High Desert,part_of,Entity,,ENT-0035,The Hot Spot Studios,SRC-0039,High,entity_resolution_pass,Parent Organization field
PR-00199,EDGE-00196,Source,SRC-0039,SRC-0039,The Hot Spot Studios — High Desert,discovered_by,Entity,ENT-0035,ENT-0035,The Hot Spot Studios — High Desert,SRC-0039,High,canonical_id,Entities & Partners Discovered From field
PR-00200,EDGE-00197,Source,SRC-0040,SRC-0040,Green Tree Golf Club — Golf Outings,discovered_by,Entity,ENT-0036,ENT-0036,Green Tree Golf Club,SRC-0040,High,canonical_id,Entities & Partners Discovered From field
PR-00201,EDGE-00198,Source,SRC-0041,SRC-0041,Apple Valley Gun Club Calendar,discovered_by,Entity,ENT-0037,ENT-0037,Apple Valley Gun Club,SRC-0041,High,canonical_id,Entities & Partners Discovered From field
PR-00202,EDGE-00199,Source,SRC-0042,SRC-0042,Hesperia Community Church,discovered_by,Entity,ENT-0038,ENT-0038,Hesperia Community Church,SRC-0042,High,canonical_id,Entities & Partners Discovered From field
PR-00203,EDGE-00200,Source,SRC-0043,SRC-0043,Calvary Chapel Apple Valley E-Bulletin,discovered_by,Entity,ENT-0039,ENT-0039,Calvary Chapel Apple Valley,SRC-0043,High,canonical_id,Entities & Partners Discovered From field
PR-00204,EDGE-00201,Source,SRC-0044,SRC-0044,Saint Mary Coptic Orthodox Church Calendar,discovered_by,Entity,ENT-0040,ENT-0040,Saint Mary Coptic Orthodox Church,SRC-0044,High,canonical_id,Entities & Partners Discovered From field
PR-00205,EDGE-00202,Source,SRC-0045,SRC-0045,Armenian Apostolic Church of High Desert,discovered_by,Entity,ENT-0041,ENT-0041,Armenian Apostolic Church of High Desert,SRC-0045,High,canonical_id,Entities & Partners Discovered From field
PR-00206,EDGE-00203,Source,SRC-0046,SRC-0046,High Desert Church Events,discovered_by,Entity,ENT-0042,ENT-0042,High Desert Church,SRC-0046,High,canonical_id,Entities & Partners Discovered From field
PR-00207,EDGE-00204,Source,SRC-0047,SRC-0047,Apple Valley Church of the Nazarene — Upcoming Events,discovered_by,Entity,ENT-0043,ENT-0043,Apple Valley Church of the Nazarene,SRC-0047,High,canonical_id,Entities & Partners Discovered From field
PR-00208,EDGE-00205,Source,SRC-0048,SRC-0048,Victor Bowl,discovered_by,Entity,ENT-0045,ENT-0045,Victor Bowl,SRC-0048,High,canonical_id,Entities & Partners Discovered From field
PR-00209,EDGE-00206,Source,SRC-0049,SRC-0049,Mojave River Valley Horsemen's Association,discovered_by,Entity,ENT-0046,ENT-0046,Mojave River Valley Horsemen's Association,SRC-0049,High,canonical_id,Entities & Partners Discovered From field
PR-00210,EDGE-00207,Source,SRC-0050,SRC-0050,HD BMX / USA BMX Track,discovered_by,Entity,ENT-0047,ENT-0047,HD BMX,SRC-0050,High,canonical_id,Entities & Partners Discovered From field
PR-00211,EDGE-00208,Entity,ENT-0048,ENT-0048,Live Oak Park BMX Track,part_of,Entity,ENT-0001,ENT-0001,Hesperia Recreation and Park District,SRC-0050,High,canonical_id,Parent Organization field
PR-00212,EDGE-00209,Source,SRC-0050,SRC-0050,HD BMX / USA BMX Track,discovered_by,Entity,ENT-0048,ENT-0048,Live Oak Park BMX Track,SRC-0050,High,canonical_id,Entities & Partners Discovered From field
PR-00213,EDGE-00210,Source,SRC-0052,SRC-0052,Victor Valley Christian Church Events,discovered_by,Entity,ENT-0049,ENT-0049,Victor Valley Christian Church,SRC-0052,High,canonical_id,Entities & Partners Discovered From field
PR-00214,EDGE-00211,Source,SRC-0053,SRC-0053,Praise Chapel Apple Valley Events,discovered_by,Entity,ENT-0050,ENT-0050,Praise Chapel Apple Valley,SRC-0053,High,canonical_id,Entities & Partners Discovered From field
PR-00215,EDGE-00212,Source,SRC-0054,SRC-0054,Thunderbird Square Dance Club,discovered_by,Entity,ENT-0051,ENT-0051,Thunderbird Square Dance Club,SRC-0054,High,canonical_id,Entities & Partners Discovered From field
PR-00216,EDGE-00213,Entity,ENT-0052,ENT-0052,James A. Woody Community Center,part_of,Entity,,ENT-0258,Town of Apple Valley,SRC-0054,High,entity_resolution_pass,Parent Organization field
PR-00217,EDGE-00214,Source,SRC-0054,SRC-0054,Thunderbird Square Dance Club,discovered_by,Entity,ENT-0052,ENT-0052,James A. Woody Community Center,SRC-0054,High,canonical_id,Entities & Partners Discovered From field
PR-00218,EDGE-00215,Source,SRC-0055,SRC-0055,San Bernardino County Public Health — Community Resources,discovered_by,Entity,ENT-0053,ENT-0053,First Assembly of God / Feed My Sheep,SRC-0055,High,canonical_id,Entities & Partners Discovered From field
PR-00219,EDGE-00216,Source,SRC-0055,SRC-0055,San Bernardino County Public Health — Community Resources,discovered_by,Entity,ENT-0054,ENT-0054,Redeemer Church,SRC-0055,High,canonical_id,Entities & Partners Discovered From field
PR-00220,EDGE-00217,Source,SRC-0055,SRC-0055,San Bernardino County Public Health — Community Resources,discovered_by,Entity,ENT-0055,ENT-0055,The Lord's Table,SRC-0055,High,canonical_id,Entities & Partners Discovered From field
PR-00221,EDGE-00218,Source,SRC-0055,SRC-0055,San Bernardino County Public Health — Community Resources,discovered_by,Entity,ENT-0056,ENT-0056,Greater Impact Christian Church,SRC-0055,High,canonical_id,Entities & Partners Discovered From field
PR-00222,EDGE-00219,Source,SRC-0055,SRC-0055,San Bernardino County Public Health — Community Resources,discovered_by,Entity,ENT-0057,ENT-0057,Burning Bush Baptist Church,SRC-0055,High,canonical_id,Entities & Partners Discovered From field
PR-00223,EDGE-00220,Entity,ENT-0058,ENT-0058,Hesperia Heat AYSO Region 878,part_of,Entity,,ENT-0231,AYSO,SRC-0058,High,entity_resolution_pass,Parent Organization field
PR-00224,EDGE-00221,Source,SRC-0058,SRC-0058,Hesperia Heat AYSO Region 878,discovered_by,Entity,ENT-0058,ENT-0058,Hesperia Heat AYSO Region 878,SRC-0058,High,canonical_id,Entities & Partners Discovered From field
PR-00225,EDGE-00222,Entity,ENT-0059,ENT-0059,Hesperia Trojans Youth Football & Cheer,part_of,Entity,,ENT-0256,SoCal Jr. All American Football & Cheer,SRC-0059,High,entity_resolution_pass,Parent Organization field
PR-00226,EDGE-00223,Source,SRC-0059,SRC-0059,Hesperia Trojans Youth Football & Cheer,discovered_by,Entity,ENT-0059,ENT-0059,Hesperia Trojans Youth Football & Cheer,SRC-0059,High,canonical_id,Entities & Partners Discovered From field
PR-00227,EDGE-00224,Entity,ENT-0060,ENT-0060,AYSO Region 665,part_of,Entity,,ENT-0231,AYSO,SRC-0060,High,entity_resolution_pass,Parent Organization field
PR-00228,EDGE-00225,Source,SRC-0060,SRC-0060,AYSO Region 665 Victor Valley,discovered_by,Entity,ENT-0060,ENT-0060,AYSO Region 665,SRC-0060,High,canonical_id,Entities & Partners Discovered From field
PR-00229,EDGE-00226,Entity,ENT-0061,ENT-0061,The Singh Center for the Arts,part_of,Entity,,ENT-0258,Town of Apple Valley,SRC-0062,High,entity_resolution_pass,Parent Organization field
PR-00230,EDGE-00227,Source,SRC-0062,SRC-0062,The Singh Center for the Arts,discovered_by,Entity,ENT-0061,ENT-0061,The Singh Center for the Arts,SRC-0062,High,canonical_id,Entities & Partners Discovered From field
PR-00231,EDGE-00228,Entity,ENT-0062,ENT-0062,Apple Valley Conference Center,part_of,Entity,,ENT-0258,Town of Apple Valley,SRC-0063,High,entity_resolution_pass,Parent Organization field
PR-00232,EDGE-00229,Source,SRC-0063,SRC-0063,Apple Valley Conference Center,discovered_by,Entity,ENT-0062,ENT-0062,Apple Valley Conference Center,SRC-0063,High,canonical_id,Entities & Partners Discovered From field
PR-00233,EDGE-00230,Entity,ENT-0063,ENT-0063,Town Hall Recreation Center,part_of,Entity,,ENT-0258,Town of Apple Valley,SRC-0064,High,entity_resolution_pass,Parent Organization field
PR-00234,EDGE-00231,Source,SRC-0064,SRC-0064,Town Hall Recreation Center,discovered_by,Entity,ENT-0063,ENT-0063,Town Hall Recreation Center,SRC-0064,High,canonical_id,Entities & Partners Discovered From field
PR-00235,EDGE-00232,Source,SRC-0065,SRC-0065,High Desert Second Chance Recurring Services,discovered_by,Entity,ENT-0064,ENT-0064,High Desert Second Chance,SRC-0065,High,canonical_id,Entities & Partners Discovered From field
PR-00236,EDGE-00233,Entity,ENT-0065,ENT-0065,Victor Valley Rescue Mission,part_of,Entity,,ENT-0225,Rescue Mission Alliance,SRC-0066,High,entity_resolution_pass,Parent Organization field
PR-00237,EDGE-00234,Source,SRC-0066,SRC-0066,Rescue Mission Alliance Valley Food Bank — Direct Assistance,discovered_by,Entity,ENT-0065,ENT-0065,Victor Valley Rescue Mission,SRC-0066,High,canonical_id,Entities & Partners Discovered From field
PR-00238,EDGE-00235,Entity,ENT-0066,ENT-0062,Apple Valley Conference Center,part_of,Entity,,ENT-0258,Town of Apple Valley,SRC-0063,High,entity_resolution_pass,Parent Organization field
PR-00239,EDGE-00236,Source,SRC-0063,SRC-0063,Apple Valley Conference Center,discovered_by,Entity,ENT-0066,ENT-0062,Apple Valley Conference Center,SRC-0063,High,canonical_id,Entities & Partners Discovered From field
PR-00240,EDGE-00237,Source,SRC-0068,SRC-0068,New Life Chapel Events,discovered_by,Entity,ENT-0067,ENT-0067,New Life Chapel,SRC-0068,High,canonical_id,Entities & Partners Discovered From field
PR-00241,EDGE-00238,Entity,ENT-0068,ENT-0068,Spirit Filled Family Church — Hesperia Campus,part_of,Entity,,ENT-0257,Spirit Filled Family Church International,SRC-0069,High,entity_resolution_pass,Parent Organization field
PR-00242,EDGE-00239,Source,SRC-0069,SRC-0069,Spirit Filled Family Church Hesperia Calendar,discovered_by,Entity,ENT-0068,ENT-0068,Spirit Filled Family Church — Hesperia Campus,SRC-0069,High,canonical_id,Entities & Partners Discovered From field
PR-00243,EDGE-00240,Entity,ENT-0069,ENT-0069,Holy Family Catholic Church,part_of,Entity,,ENT-0238,Diocese of San Bernardino,SRC-0070,High,entity_resolution_pass,Parent Organization field
PR-00244,EDGE-00241,Source,SRC-0070,SRC-0070,Holy Family Catholic Church Hesperia,discovered_by,Entity,ENT-0069,ENT-0069,Holy Family Catholic Church,SRC-0070,High,canonical_id,Entities & Partners Discovered From field
PR-00245,EDGE-00242,Source,SRC-0071,SRC-0071,The Village in Apple Valley Events,discovered_by,Entity,ENT-0070,ENT-0070,The Village in Apple Valley PBID,SRC-0071,High,canonical_id,Entities & Partners Discovered From field
PR-00246,EDGE-00243,Entity,ENT-0071,ENT-0071,Hook Park,part_of,Entity,,ENT-0236,City of Victorville,SRC-0075,High,entity_resolution_pass,Parent Organization field
PR-00247,EDGE-00244,Source,SRC-0075,SRC-0075,AYSO Region 665 Field & Tournament Information,discovered_by,Entity,ENT-0071,ENT-0071,Hook Park,SRC-0075,High,canonical_id,Entities & Partners Discovered From field
PR-00248,EDGE-00245,Entity,ENT-0072,ENT-0072,Sunset Ridge Park,part_of,Entity,,ENT-0236,City of Victorville,SRC-0075,High,entity_resolution_pass,Parent Organization field
PR-00249,EDGE-00246,Source,SRC-0075,SRC-0075,AYSO Region 665 Field & Tournament Information,discovered_by,Entity,ENT-0072,ENT-0072,Sunset Ridge Park,SRC-0075,High,canonical_id,Entities & Partners Discovered From field
PR-00250,EDGE-00247,Entity,ENT-0073,ENT-0073,San Bernardino County Workforce Development Board,part_of,Entity,,ENT-0229,San Bernardino County,SRC-0073,High,entity_resolution_pass,Parent Organization field
PR-00251,EDGE-00248,Source,SRC-0073,SRC-0073,San Bernardino County Workforce Development High Desert Events,discovered_by,Entity,ENT-0073,ENT-0073,San Bernardino County Workforce Development Board,SRC-0073,High,canonical_id,Entities & Partners Discovered From field
PR-00252,EDGE-00249,Entity,ENT-0074,ENT-0074,San Bernardino County Public Defender,part_of,Entity,,ENT-0229,San Bernardino County,SRC-0074,High,entity_resolution_pass,Parent Organization field
PR-00253,EDGE-00250,Source,SRC-0074,SRC-0074,San Bernardino County Public Defender Events,discovered_by,Entity,ENT-0074,ENT-0074,San Bernardino County Public Defender,SRC-0074,High,canonical_id,Entities & Partners Discovered From field
PR-00254,EDGE-00251,Source,SRC-0076,SRC-0076,Victor Valley Community Services Council Calendar,discovered_by,Entity,ENT-0075,ENT-0075,Victor Valley Community Services Council,SRC-0076,High,canonical_id,Entities & Partners Discovered From field
PR-00255,EDGE-00252,Source,SRC-0077,SRC-0077,San Bernardino County Certified Farmers Markets Directory,discovered_by,Entity,ENT-0076,ENT-0076,Hesperia Community Farmers Market,SRC-0077,High,canonical_id,Entities & Partners Discovered From field
PR-00256,EDGE-00253,Source,SRC-0077,SRC-0077,San Bernardino County Certified Farmers Markets Directory,discovered_by,Entity,ENT-0077,ENT-0077,High Desert Farmers Market,SRC-0077,High,canonical_id,Entities & Partners Discovered From field
PR-00257,EDGE-00254,Source,SRC-0077,SRC-0077,San Bernardino County Certified Farmers Markets Directory,discovered_by,Entity,ENT-0078,ENT-0078,Phelan Certified Farmers Market,SRC-0077,High,canonical_id,Entities & Partners Discovered From field
PR-00258,EDGE-00255,Entity,ENT-0079,ENT-0079,Victor Valley Museum Farmers Market,part_of,Entity,,ENT-0233,California Farmers Market Collective,SRC-0078,High,entity_resolution_pass,Parent Organization field
PR-00259,EDGE-00256,Source,SRC-0078,SRC-0078,San Bernardino County Environmental Health Farmers Market Events,discovered_by,Entity,ENT-0079,ENT-0079,Victor Valley Museum Farmers Market,SRC-0078,High,canonical_id,Entities & Partners Discovered From field
PR-00260,EDGE-00257,Source,SRC-0079,SRC-0079,Our-HD High Desert Events,discovered_by,Entity,ENT-0080,ENT-0080,Our-HD,SRC-0079,High,canonical_id,Entities & Partners Discovered From field
PR-00261,EDGE-00258,Source,SRC-0080,SRC-0080,The Mall of Victor Valley Events,discovered_by,Entity,ENT-0081,ENT-0081,The Mall of Victor Valley,SRC-0080,High,canonical_id,Entities & Partners Discovered From field
PR-00262,EDGE-00259,Source,SRC-0081,SRC-0081,High Desert Marines Upcoming Events,discovered_by,Entity,ENT-0082,ENT-0082,High Desert Marines,SRC-0081,High,canonical_id,Entities & Partners Discovered From field
PR-00263,EDGE-00260,Source,SRC-0082,SRC-0082,Today's Woman Foundation Events/Gala,discovered_by,Entity,ENT-0083,ENT-0083,Today's Woman Foundation,SRC-0082,High,canonical_id,Entities & Partners Discovered From field
PR-00264,EDGE-00261,Source,SRC-0083,SRC-0083,Poised-N-Polished Events,discovered_by,Entity,ENT-0084,ENT-0084,Poised-N-Polished,SRC-0083,High,canonical_id,Entities & Partners Discovered From field
PR-00265,EDGE-00262,Source,SRC-0084,SRC-0084,Triumph Foundation Event Calendar,discovered_by,Entity,ENT-0085,ENT-0085,Triumph Foundation,SRC-0084,High,canonical_id,Entities & Partners Discovered From field
PR-00266,EDGE-00263,Source,SRC-0085,SRC-0085,Dance Dynamics Studios,discovered_by,Entity,ENT-0086,ENT-0086,Dance Dynamics Studios,SRC-0085,High,canonical_id,Entities & Partners Discovered From field
PR-00267,EDGE-00264,Source,SRC-0086,SRC-0086,The Dance Scene,discovered_by,Entity,ENT-0087,ENT-0087,The Dance Scene,SRC-0086,High,canonical_id,Entities & Partners Discovered From field
PR-00268,EDGE-00265,Source,SRC-0087,SRC-0087,Victorville Senior Citizens Club Calendar,discovered_by,Entity,ENT-0088,ENT-0088,Victorville Senior Citizens Club,SRC-0087,High,canonical_id,Entities & Partners Discovered From field
PR-00269,EDGE-00266,Source,SRC-0088,SRC-0088,Apple Valley Senior Citizens Club,discovered_by,Entity,ENT-0089,ENT-0089,Apple Valley Senior Citizens Club,SRC-0088,High,canonical_id,Entities & Partners Discovered From field
PR-00270,EDGE-00267,Source,SRC-0089,SRC-0089,Solstice at Apple Valley Activities & Events,discovered_by,Entity,ENT-0090,ENT-0090,Solstice Senior Living at Apple Valley,SRC-0089,High,canonical_id,Entities & Partners Discovered From field
PR-00271,EDGE-00268,Source,SRC-0090,SRC-0090,Hesperia Music Academy Calendar,discovered_by,Entity,ENT-0091,ENT-0091,Hesperia Music Academy,SRC-0090,High,canonical_id,Entities & Partners Discovered From field
PR-00272,EDGE-00269,Source,SRC-0091,SRC-0091,High Desert Hispanic Chamber of Commerce Events,discovered_by,Entity,ENT-0092,ENT-0092,High Desert Hispanic Chamber of Commerce,SRC-0091,High,canonical_id,Entities & Partners Discovered From field
PR-00273,EDGE-00270,Source,SRC-0092,SRC-0092,FORGE Foundation Events & Programs,discovered_by,Entity,ENT-0093,ENT-0093,FORGE Foundation,SRC-0092,High,canonical_id,Entities & Partners Discovered From field
PR-00274,EDGE-00271,Source,SRC-0093,SRC-0093,Off The Grid Brewery — Events & Trucks,discovered_by,Entity,ENT-0094,ENT-0094,Off The Grid Brewery,SRC-0093,High,canonical_id,Entities & Partners Discovered From field
PR-00275,EDGE-00272,Source,SRC-0094,SRC-0094,Better Days High Desert,discovered_by,Entity,ENT-0095,ENT-0095,Better Days,SRC-0094,High,canonical_id,Entities & Partners Discovered From field
PR-00276,EDGE-00273,Source,SRC-0095,SRC-0095,HEIR Cafe & Events,discovered_by,Entity,ENT-0096,ENT-0096,HEIR Cafe & Events,SRC-0095,High,canonical_id,Entities & Partners Discovered From field
PR-00277,EDGE-00274,Source,SRC-0096,SRC-0096,3rd Strike Beer Co. Trivia / Events,discovered_by,Entity,ENT-0097,ENT-0097,3rd Strike Beer Co.,SRC-0096,High,canonical_id,Entities & Partners Discovered From field
PR-00278,EDGE-00275,Entity,ENT-0098,ENT-0098,VFW Post 2924 Joshua Palms,part_of,Entity,,ENT-0261,VFW,SRC-0097,High,entity_resolution_pass,Parent Organization field
PR-00279,EDGE-00276,Source,SRC-0097,SRC-0097,VFW Post 2924 Joshua Palms — Karaoke Events,discovered_by,Entity,ENT-0098,ENT-0098,VFW Post 2924 Joshua Palms,SRC-0097,High,canonical_id,Entities & Partners Discovered From field
PR-00280,EDGE-00277,Source,SRC-0098,SRC-0098,High Desert Cruise Nights,discovered_by,Entity,ENT-0099,ENT-0099,Charleys Cheesesteak and Wings — Hesperia,SRC-0098,High,canonical_id,Entities & Partners Discovered From field
PR-00281,EDGE-00278,Source,SRC-0099,SRC-0099,LifeStream City of Hesperia Blood Drives,discovered_by,Entity,ENT-0100,ENT-0100,LifeStream Blood Bank,SRC-0099,High,canonical_id,Entities & Partners Discovered From field
PR-00282,EDGE-00279,Entity,ENT-0101,ENT-0101,DAV Chapter 92 — Bill Kinnard,part_of,Entity,,ENT-0239,Disabled American Veterans,SRC-0101,High,entity_resolution_pass,Parent Organization field
PR-00283,EDGE-00280,Source,SRC-0101,SRC-0101,DAV Chapter 92 — Bill Kinnard,discovered_by,Entity,ENT-0101,ENT-0101,DAV Chapter 92 — Bill Kinnard,SRC-0101,High,canonical_id,Entities & Partners Discovered From field
PR-00284,EDGE-00281,Entity,ENT-0102,ENT-0102,High Desert Vet Center,part_of,Entity,,ENT-0260,U.S. Department of Veterans Affairs,SRC-0102,High,entity_resolution_pass,Parent Organization field
PR-00285,EDGE-00282,Source,SRC-0102,SRC-0102,High Desert Vet Center,discovered_by,Entity,ENT-0102,ENT-0102,High Desert Vet Center,SRC-0102,High,canonical_id,Entities & Partners Discovered From field
PR-00286,EDGE-00283,Entity,ENT-0103,ENT-0103,Providence St. Mary Senior Select,part_of,Entity,,ENT-0246,Providence St. Mary Medical Center,SRC-0104,High,entity_resolution_pass,Parent Organization field
PR-00287,EDGE-00284,Source,SRC-0104,SRC-0104,Providence St. Mary Senior Select,discovered_by,Entity,ENT-0103,ENT-0103,Providence St. Mary Senior Select,SRC-0104,High,canonical_id,Entities & Partners Discovered From field
PR-00288,EDGE-00285,Entity,ENT-0104,ENT-0104,Rhea Lana's of The High Desert,part_of,Entity,,ENT-0104,Rhea Lana's,SRC-0105,High,entity_resolution_pass,Parent Organization field
PR-00289,EDGE-00286,Source,SRC-0105,SRC-0105,Rhea Lana's of The High Desert,discovered_by,Entity,ENT-0104,ENT-0104,Rhea Lana's of The High Desert,SRC-0105,High,canonical_id,Entities & Partners Discovered From field
PR-00290,EDGE-00287,Source,SRC-0106,SRC-0106,Gladiator Challenge,discovered_by,Entity,ENT-0105,ENT-0105,Gladiator Challenge,SRC-0106,High,canonical_id,Entities & Partners Discovered From field
PR-00291,EDGE-00288,Source,SRC-0107,SRC-0107,High Desert Home Shows,discovered_by,Entity,ENT-0106,ENT-0106,High Desert Home Shows,SRC-0107,High,canonical_id,Entities & Partners Discovered From field
PR-00292,EDGE-00289,Entity,ENT-0107,ENT-0107,Crown City Cat Club,part_of,Entity,,ENT-0226,Cat Fanciers' Association,SRC-0108,High,entity_resolution_pass,Parent Organization field
PR-00293,EDGE-00290,Source,SRC-0108,SRC-0108,Crown City Cat Club — CFA Event,discovered_by,Entity,ENT-0107,ENT-0107,Crown City Cat Club,SRC-0108,High,canonical_id,Entities & Partners Discovered From field
PR-00294,EDGE-00291,Source,SRC-0109,SRC-0109,Bingo Loco — Victorville,discovered_by,Entity,ENT-0108,ENT-0108,Bingo Loco,SRC-0109,High,canonical_id,Entities & Partners Discovered From field
PR-00295,EDGE-00292,Source,SRC-0110,SRC-0110,Joshua Inn Bar,discovered_by,Entity,ENT-0109,ENT-0109,Joshua Inn,SRC-0110,High,canonical_id,Entities & Partners Discovered From field
PR-00296,EDGE-00293,Source,SRC-0111,SRC-0111,Ricky's Bar Entertainment Discovery,discovered_by,Entity,ENT-0110,ENT-0110,Ricky's Bar,SRC-0111,High,canonical_id,Entities & Partners Discovered From field
PR-00297,EDGE-00294,Source,SRC-0112,SRC-0112,Wheel2Wheel Raceway Events,discovered_by,Entity,ENT-0119,ENT-0119,Wheel2Wheel Raceway,SRC-0112,High,canonical_id,Entities & Partners Discovered From field
PR-00298,EDGE-00295,Source,SRC-0113,SRC-0113,SoCal Mower Racing 2026 Schedule,discovered_by,Entity,ENT-0120,ENT-0120,SoCal Mower Racing,SRC-0113,High,canonical_id,Entities & Partners Discovered From field
PR-00299,EDGE-00296,Source,SRC-0114,SRC-0114,Fuentez Entertainment — Ticketón Promoter Catalog,discovered_by,Entity,ENT-0121,ENT-0121,Fuentez Entertainment LLC,SRC-0114,High,canonical_id,Entities & Partners Discovered From field
PR-00300,EDGE-00297,Source,SRC-0115,SRC-0115,Little Mania Wrestling Tour Calendar,discovered_by,Entity,ENT-0122,ENT-0122,Little Mania Wrestling,SRC-0115,High,canonical_id,Entities & Partners Discovered From field
PR-00301,EDGE-00298,Source,SRC-0118,SRC-0118,El Dorado Broadcasters — Girls Day Out,discovered_by,Entity,ENT-0123,ENT-0127,El Dorado Broadcasters,SRC-0118,High,canonical_id,Entities & Partners Discovered From field
PR-00302,EDGE-00299,Source,SRC-0119,SRC-0119,Desert Valley Hospital Fall Health Fair,discovered_by,Entity,ENT-0124,ENT-0124,Desert Valley Hospital / Desert Valley Medical Group,SRC-0119,High,canonical_id,Entities & Partners Discovered From field
PR-00303,EDGE-00300,Entity,ENT-0125,ENT-0125,San Bernardino County Fair & Event Center,part_of,Entity,,ENT-0227,28th District Agricultural Association,SRC-0120,High,entity_resolution_pass,Parent Organization field
PR-00304,EDGE-00301,Source,SRC-0120,SRC-0120,San Bernardino County Fair & Event Center Master Calendar,discovered_by,Entity,ENT-0125,ENT-0125,San Bernardino County Fair & Event Center,SRC-0120,High,canonical_id,Entities & Partners Discovered From field
PR-00305,EDGE-00302,Source,SRC-0121,SRC-0121,Hesperia Wranglers,discovered_by,Entity,ENT-0126,ENT-0126,Hesperia Wranglers,SRC-0121,High,canonical_id,Entities & Partners Discovered From field
PR-00306,EDGE-00303,Source,SRC-0122,SRC-0122,El Dorado Broadcasters Events & Promotions,discovered_by,Entity,ENT-0127,ENT-0127,El Dorado Broadcasters,SRC-0122,High,canonical_id,Entities & Partners Discovered From field
PR-00307,EDGE-00304,Entity,ENT-0128,ENT-0128,Kiwanis Club of Victorville,part_of,Entity,,ENT-0243,Kiwanis International,SRC-0123,High,entity_resolution_pass,Parent Organization field
PR-00308,EDGE-00305,Source,SRC-0123,SRC-0123,Kiwanis Club of Victorville,discovered_by,Entity,ENT-0128,ENT-0128,Kiwanis Club of Victorville,SRC-0123,High,canonical_id,Entities & Partners Discovered From field
PR-00309,EDGE-00306,Entity,ENT-0129,ENT-0129,Providence St. Mary Medical Center Foundation,part_of,Entity,,ENT-0245,Providence,SRC-0124,High,entity_resolution_pass,Parent Organization field
PR-00310,EDGE-00307,Source,SRC-0124,SRC-0124,Providence St. Mary Medical Center Foundation Events,discovered_by,Entity,ENT-0129,ENT-0129,Providence St. Mary Medical Center Foundation,SRC-0124,High,canonical_id,Entities & Partners Discovered From field
PR-00311,EDGE-00308,Entity,ENT-0130,ENT-0130,High Desert Rodeo,part_of,Entity,,ENT-0126,Hesperia Wranglers,SRC-0121,High,split_resolution,Parent Organization field
PR-00312,EDGE-00308,Entity,ENT-0130,ENT-0130,High Desert Rodeo,part_of,Entity,,ENT-0131,Double F Cattle Co.,SRC-0121,High,split_resolution,Parent Organization field
PR-00313,EDGE-00309,Source,SRC-0121,SRC-0121,Hesperia Wranglers,discovered_by,Entity,ENT-0130,ENT-0130,High Desert Rodeo,SRC-0121,High,canonical_id,Entities & Partners Discovered From field
PR-00314,EDGE-00310,Source,SRC-0121,SRC-0121,Hesperia Wranglers,discovered_by,Entity,ENT-0131,ENT-0131,Double F Cattle Co.,SRC-0121,High,canonical_id,Entities & Partners Discovered From field
PR-00315,EDGE-00311,Entity,ENT-0132,ENT-0132,San Bernardino County Department of Behavioral Health,part_of,Entity,,ENT-0229,San Bernardino County,SRC-0128,High,entity_resolution_pass,Parent Organization field
PR-00316,EDGE-00312,Source,SRC-0128,SRC-0128,San Bernardino County Department of Behavioral Health Events,discovered_by,Entity,ENT-0132,ENT-0132,San Bernardino County Department of Behavioral Health,SRC-0128,High,canonical_id,Entities & Partners Discovered From field
PR-00317,EDGE-00313,Entity,ENT-0133,ENT-0133,Apple Valley Community Clinic,part_of,Entity,ENT-0132,ENT-0132,San Bernardino County Department of Behavioral Health,SRC-0128,High,canonical_id,Parent Organization field
PR-00318,EDGE-00314,Source,SRC-0128,SRC-0128,San Bernardino County Department of Behavioral Health Events,discovered_by,Entity,ENT-0133,ENT-0133,Apple Valley Community Clinic,SRC-0128,High,canonical_id,Entities & Partners Discovered From field
PR-00319,EDGE-00315,Entity,ENT-0134,ENT-0134,San Bernardino County Department of Public Health,part_of,Entity,,ENT-0229,San Bernardino County,SRC-0129,High,entity_resolution_pass,Parent Organization field
PR-00320,EDGE-00316,Source,SRC-0129,SRC-0129,San Bernardino County Department of Public Health Events,discovered_by,Entity,ENT-0134,ENT-0134,San Bernardino County Department of Public Health,SRC-0129,High,canonical_id,Entities & Partners Discovered From field
PR-00321,EDGE-00317,Entity,ENT-0135,ENT-0135,San Bernardino County Airports,part_of,Entity,,ENT-0229,San Bernardino County,SRC-0130,High,entity_resolution_pass,Parent Organization field
PR-00322,EDGE-00318,Source,SRC-0130,SRC-0130,San Bernardino County Airports Events,discovered_by,Entity,ENT-0135,ENT-0135,San Bernardino County Airports,SRC-0130,High,canonical_id,Entities & Partners Discovered From field
PR-00323,EDGE-00319,Entity,ENT-0136,ENT-0136,Apple Valley Airport,part_of,Entity,ENT-0135,ENT-0135,San Bernardino County Airports,SRC-0130,High,canonical_id,Parent Organization field
PR-00324,EDGE-00320,Source,SRC-0130,SRC-0130,San Bernardino County Airports Events,discovered_by,Entity,ENT-0136,ENT-0136,Apple Valley Airport,SRC-0130,High,canonical_id,Entities & Partners Discovered From field
PR-00325,EDGE-00321,Entity,ENT-0137,ENT-0137,San Bernardino County Land Use Services,part_of,Entity,,ENT-0229,San Bernardino County,SRC-0131,High,entity_resolution_pass,Parent Organization field
PR-00326,EDGE-00322,Source,SRC-0131,SRC-0131,San Bernardino County Land Use Services Community Cleanups,discovered_by,Entity,ENT-0137,ENT-0137,San Bernardino County Land Use Services,SRC-0131,High,canonical_id,Entities & Partners Discovered From field
PR-00327,EDGE-00323,Entity,ENT-0138,ENT-0138,San Bernardino County First District Supervisor,part_of,Entity,,ENT-0229,San Bernardino County,SRC-0132,High,entity_resolution_pass,Parent Organization field
PR-00328,EDGE-00324,Source,SRC-0132,SRC-0132,San Bernardino County First District Events Calendar,discovered_by,Entity,ENT-0138,ENT-0138,San Bernardino County First District Supervisor,SRC-0132,High,canonical_id,Entities & Partners Discovered From field
PR-00329,EDGE-00325,Entity,ENT-0139,ENT-0139,San Bernardino County Animal Care,part_of,Entity,,ENT-0229,San Bernardino County,SRC-0135,High,entity_resolution_pass,Parent Organization field
PR-00330,EDGE-00326,Source,SRC-0135,SRC-0135,San Bernardino County Animal Care Events,discovered_by,Entity,ENT-0139,ENT-0139,San Bernardino County Animal Care,SRC-0135,High,canonical_id,Entities & Partners Discovered From field
PR-00331,EDGE-00327,Entity,ENT-0140,ENT-0140,San Bernardino County Human Resources,part_of,Entity,,ENT-0229,San Bernardino County,SRC-0136,High,entity_resolution_pass,Parent Organization field
PR-00332,EDGE-00328,Source,SRC-0136,SRC-0136,San Bernardino County Human Resources Events,discovered_by,Entity,ENT-0140,ENT-0140,San Bernardino County Human Resources,SRC-0136,High,canonical_id,Entities & Partners Discovered From field
PR-00333,EDGE-00329,Entity,ENT-0141,ENT-0141,San Bernardino County Sheriff's Department Recruiting,part_of,Entity,,ENT-0254,San Bernardino County Sheriff's Department,SRC-0137,High,entity_resolution_pass,Parent Organization field
PR-00334,EDGE-00330,Source,SRC-0137,SRC-0137,San Bernardino County Sheriff's Jobs Events,discovered_by,Entity,ENT-0141,ENT-0141,San Bernardino County Sheriff's Department Recruiting,SRC-0137,High,canonical_id,Entities & Partners Discovered From field
PR-00335,EDGE-00331,Entity,ENT-0142,ENT-0142,San Bernardino County Child Support Services,part_of,Entity,,ENT-0229,San Bernardino County,SRC-0138,High,entity_resolution_pass,Parent Organization field
PR-00336,EDGE-00332,Source,SRC-0138,SRC-0138,San Bernardino County Child Support Services Events,discovered_by,Entity,ENT-0142,ENT-0142,San Bernardino County Child Support Services,SRC-0138,High,canonical_id,Entities & Partners Discovered From field
PR-00337,EDGE-00333,Entity,ENT-0143,ENT-0143,San Bernardino County Children and Family Services,part_of,Entity,,ENT-0229,San Bernardino County,SRC-0139,High,entity_resolution_pass,Parent Organization field
PR-00338,EDGE-00334,Source,SRC-0139,SRC-0139,San Bernardino County Children and Family Services Community Events,discovered_by,Entity,ENT-0143,ENT-0143,San Bernardino County Children and Family Services,SRC-0139,High,canonical_id,Entities & Partners Discovered From field
PR-00339,EDGE-00335,Entity,ENT-0144,ENT-0144,San Bernardino County District Attorney,part_of,Entity,,ENT-0229,San Bernardino County,SRC-0140,High,entity_resolution_pass,Parent Organization field
PR-00340,EDGE-00336,Source,SRC-0140,SRC-0140,San Bernardino County District Attorney Community Events,discovered_by,Entity,ENT-0144,ENT-0144,San Bernardino County District Attorney,SRC-0140,High,canonical_id,Entities & Partners Discovered From field
PR-00341,EDGE-00337,Entity,ENT-0145,ENT-0145,San Bernardino County Economic Development Agency,part_of,Entity,,ENT-0229,San Bernardino County,SRC-0141,High,entity_resolution_pass,Parent Organization field
PR-00342,EDGE-00338,Source,SRC-0141,SRC-0141,San Bernardino County Economic Development Agency Events,discovered_by,Entity,ENT-0145,ENT-0145,San Bernardino County Economic Development Agency,SRC-0141,High,canonical_id,Entities & Partners Discovered From field
PR-00343,EDGE-00339,Entity,ENT-0146,ENT-0146,San Bernardino County Fire Protection District,part_of,Entity,,ENT-0229,San Bernardino County,SRC-0142,High,entity_resolution_pass,Parent Organization field
PR-00344,EDGE-00340,Source,SRC-0142,SRC-0142,San Bernardino County Fire Events,discovered_by,Entity,ENT-0146,ENT-0146,San Bernardino County Fire Protection District,SRC-0142,High,canonical_id,Entities & Partners Discovered From field
PR-00345,EDGE-00341,Entity,ENT-0147,ENT-0147,San Bernardino County Transitional Assistance Department,part_of,Entity,,ENT-0229,San Bernardino County,SRC-0143,High,entity_resolution_pass,Parent Organization field
PR-00346,EDGE-00342,Source,SRC-0143,SRC-0143,San Bernardino County Transitional Assistance Department Events,discovered_by,Entity,ENT-0147,ENT-0147,San Bernardino County Transitional Assistance Department,SRC-0143,High,canonical_id,Entities & Partners Discovered From field
PR-00347,EDGE-00343,Entity,ENT-0148,ENT-0148,First 5 San Bernardino,part_of,Entity,,ENT-0229,San Bernardino County,SRC-0144,High,entity_resolution_pass,Parent Organization field
PR-00348,EDGE-00344,Source,SRC-0144,SRC-0144,First 5 San Bernardino Events & Community Engagement,discovered_by,Entity,ENT-0148,ENT-0148,First 5 San Bernardino,SRC-0144,High,canonical_id,Entities & Partners Discovered From field
PR-00349,EDGE-00345,Entity,ENT-0149,ENT-0149,San Bernardino County Veterans Affairs,part_of,Entity,,ENT-0229,San Bernardino County,SRC-0145,High,entity_resolution_pass,Parent Organization field
PR-00350,EDGE-00346,Source,SRC-0145,SRC-0145,San Bernardino County Veterans Affairs,discovered_by,Entity,ENT-0149,ENT-0149,San Bernardino County Veterans Affairs,SRC-0145,High,canonical_id,Entities & Partners Discovered From field
PR-00351,EDGE-00347,Entity,ENT-0150,ENT-0150,San Bernardino County Aging and Adult Services – Public Guardian,part_of,Entity,,ENT-0229,San Bernardino County,SRC-0146,High,entity_resolution_pass,Parent Organization field
PR-00352,EDGE-00348,Source,SRC-0146,SRC-0146,San Bernardino County Aging & Adult Services Events,discovered_by,Entity,ENT-0150,ENT-0150,San Bernardino County Aging and Adult Services – Public Guardian,SRC-0146,High,canonical_id,Entities & Partners Discovered From field
PR-00353,EDGE-00349,Entity,ENT-0151,ENT-0151,San Bernardino County Third District Supervisor,part_of,Entity,,ENT-0229,San Bernardino County,SRC-0147,High,entity_resolution_pass,Parent Organization field
PR-00354,EDGE-00350,Source,SRC-0147,SRC-0147,San Bernardino County Third District Events & Community Calendar,discovered_by,Entity,ENT-0151,ENT-0151,San Bernardino County Third District Supervisor,SRC-0147,High,canonical_id,Entities & Partners Discovered From field
PR-00355,EDGE-00351,Entity,ENT-0153,ENT-0153,San Bernardino County Children's Network,part_of,Entity,,ENT-0229,San Bernardino County,SRC-0149,High,entity_resolution_pass,Parent Organization field
PR-00356,EDGE-00352,Source,SRC-0149,SRC-0149,San Bernardino County Children's Network Events,discovered_by,Entity,ENT-0153,ENT-0153,San Bernardino County Children's Network,SRC-0149,High,canonical_id,Entities & Partners Discovered From field
PR-00357,EDGE-00353,Entity,ENT-0154,ENT-0154,San Bernardino County Homeless Partnership,part_of,Entity,,ENT-0152,Office of Homeless Services,SRC-0150,High,entity_resolution_pass,Parent Organization field
PR-00358,EDGE-00354,Source,SRC-0150,SRC-0150,San Bernardino County Homeless Partnership Events,discovered_by,Entity,ENT-0154,ENT-0154,San Bernardino County Homeless Partnership,SRC-0150,High,canonical_id,Entities & Partners Discovered From field
PR-00359,EDGE-00355,Entity,ENT-0155,ENT-0155,San Bernardino County Public Works — Solid Waste Management,part_of,Entity,,ENT-0252,San Bernardino County Public Works,SRC-0151,High,entity_resolution_pass,Parent Organization field
PR-00360,EDGE-00356,Source,SRC-0151,SRC-0151,San Bernardino County Public Works Solid Waste Events,discovered_by,Entity,ENT-0155,ENT-0155,San Bernardino County Public Works — Solid Waste Management,SRC-0151,High,canonical_id,Entities & Partners Discovered From field
PR-00361,EDGE-00357,Source,SRC-0002,SRC-0002,Hesperia Recreation & Park District Calendar,supports_series,Series,SER-0001,SER-0001,Hesperia Days,SRC-0002,High,legacy_id,Recurring Series source ID
PR-00362,EDGE-00358,Series,SER-0001,SER-0001,Hesperia Days,produced_by,Entity,ENT-0001,ENT-0001,Hesperia Recreation and Park District,SRC-0002,High,canonical_id,Recurring Series producer/organizer
PR-00363,EDGE-00359,Series,SER-0001,SER-0001,Hesperia Days,occurs_at,Place,,,Hesperia,SRC-0002,Medium,literal_place,Recurring Series venue/geography
PR-00364,EDGE-00360,Source,SRC-0003,SRC-0003,Hesperia Recreation & Park District Events Page,supports_series,Series,SER-0002,SER-0002,Bobcat's Summer Concert Series,SRC-0003,High,legacy_id,Recurring Series source ID
PR-00365,EDGE-00361,Series,SER-0002,SER-0002,Bobcat's Summer Concert Series,produced_by,Entity,ENT-0001,ENT-0001,Hesperia Recreation and Park District,SRC-0003,High,canonical_id,Recurring Series producer/organizer
PR-00366,EDGE-00362,Series,SER-0002,SER-0002,Bobcat's Summer Concert Series,occurs_at,Place,,,Hesperia Civic Plaza Park,SRC-0003,Medium,literal_place,Recurring Series venue/geography
PR-00367,EDGE-00363,Source,SRC-0003,SRC-0003,Hesperia Recreation & Park District Events Page,supports_series,Series,SER-0003,SER-0003,Movies in the Park,SRC-0003,High,legacy_id,Recurring Series source ID
PR-00368,EDGE-00364,Series,SER-0003,SER-0003,Movies in the Park,produced_by,Entity,ENT-0001,ENT-0001,Hesperia Recreation and Park District,SRC-0003,High,canonical_id,Recurring Series producer/organizer
PR-00369,EDGE-00365,Series,SER-0003,SER-0003,Movies in the Park,occurs_at,Place,,,Hesperia Civic Plaza Park,SRC-0003,Medium,literal_place,Recurring Series venue/geography
PR-00370,EDGE-00366,Source,SRC-0002,SRC-0002,Hesperia Recreation & Park District Calendar,supports_series,Series,SER-0004,SER-0004,Hesperia Community Farmers Market,SRC-0002,High,legacy_id,Recurring Series source ID
PR-00371,EDGE-00368,Series,SER-0004,SER-0004,Hesperia Community Farmers Market,occurs_at,Place,,,Hesperia,SRC-0002,Medium,literal_place,Recurring Series venue/geography
PR-00372,EDGE-00369,Source,SRC-0009,SRC-0009,Victor Valley Museum Events,supports_series,Series,SER-0005,SER-0005,Second Saturdays,SRC-0009,High,legacy_id,Recurring Series source ID
PR-00373,EDGE-00370,Series,SER-0005,SER-0005,Second Saturdays,produced_by,Entity,ENT-0006,ENT-0006,Victor Valley Museum,SRC-0009,High,canonical_id,Recurring Series producer/organizer
PR-00374,EDGE-00371,Series,SER-0005,SER-0005,Second Saturdays,occurs_at,Place,,,Apple Valley,SRC-0009,Medium,literal_place,Recurring Series venue/geography
PR-00375,EDGE-00372,Source,SRC-0009,SRC-0009,Victor Valley Museum Events,supports_series,Series,SER-0006,SER-0006,Cosmic Nights,SRC-0009,High,legacy_id,Recurring Series source ID
PR-00376,EDGE-00373,Series,SER-0006,SER-0006,Cosmic Nights,produced_by,Entity,ENT-0006,ENT-0006,Victor Valley Museum,SRC-0009,High,canonical_id,Recurring Series producer/organizer
PR-00377,EDGE-00374,Series,SER-0006,SER-0006,Cosmic Nights,occurs_at,Place,,,Apple Valley,SRC-0009,Medium,literal_place,Recurring Series venue/geography
PR-00378,EDGE-00375,Source,SRC-0011,SRC-0011,Apple Valley Branch Library Programs,supports_series,Series,SER-0007,SER-0007,Apple Valley Library Programs,SRC-0011,High,legacy_id,Recurring Series source ID
PR-00379,EDGE-00376,Series,SER-0007,SER-0007,Apple Valley Library Programs,produced_by,Entity,,ENT-0250,San Bernardino County Library,SRC-0011,Medium,entity_resolution_pass,Recurring Series producer/organizer
PR-00380,EDGE-00377,Series,SER-0007,SER-0007,Apple Valley Library Programs,occurs_at,Place,,,Apple Valley,SRC-0011,Medium,literal_place,Recurring Series venue/geography
PR-00381,EDGE-00378,Source,SRC-0012,SRC-0012,Hesperia Branch Library Programs,supports_series,Series,SER-0008,SER-0008,Hesperia Library Programs,SRC-0012,High,legacy_id,Recurring Series source ID
PR-00382,EDGE-00379,Series,SER-0008,SER-0008,Hesperia Library Programs,produced_by,Entity,,ENT-0250,San Bernardino County Library,SRC-0012,Medium,entity_resolution_pass,Recurring Series producer/organizer
PR-00383,EDGE-00380,Series,SER-0008,SER-0008,Hesperia Library Programs,occurs_at,Place,,,Hesperia,SRC-0012,Medium,literal_place,Recurring Series venue/geography
PR-00384,EDGE-00381,Source,SRC-0013,SRC-0013,Adelanto Branch Library Programs,supports_series,Series,SER-0009,SER-0009,Adelanto Library Programs,SRC-0013,High,legacy_id,Recurring Series source ID
PR-00385,EDGE-00382,Series,SER-0009,SER-0009,Adelanto Library Programs,produced_by,Entity,,ENT-0250,San Bernardino County Library,SRC-0013,Medium,entity_resolution_pass,Recurring Series producer/organizer
PR-00386,EDGE-00383,Series,SER-0009,SER-0009,Adelanto Library Programs,occurs_at,Place,,,Adelanto,SRC-0013,Medium,literal_place,Recurring Series venue/geography
PR-00387,EDGE-00384,Source,SRC-0014,SRC-0014,Victorville City Library Programming,supports_series,Series,SER-0010,SER-0010,Victorville City Library Weekly Programs,SRC-0014,High,legacy_id,Recurring Series source ID
PR-00388,EDGE-00385,Series,SER-0010,SER-0010,Victorville City Library Weekly Programs,produced_by,Entity,,ENT-0237,City of Victorville Library,SRC-0014,Medium,entity_resolution_pass,Recurring Series producer/organizer
PR-00389,EDGE-00386,Series,SER-0010,SER-0010,Victorville City Library Weekly Programs,occurs_at,Place,,,Victorville,SRC-0014,Medium,literal_place,Recurring Series venue/geography
PR-00390,EDGE-00387,Source,SRC-0021,SRC-0021,Victor Valley Community Concert Association,supports_series,Series,SER-0011,SER-0011,Newton T. Bass Family Concert Series,SRC-0021,High,legacy_id,Recurring Series source ID
PR-00391,EDGE-00388,Series,SER-0011,SER-0011,Newton T. Bass Family Concert Series,produced_by,Entity,ENT-0015,ENT-0015,Victor Valley Community Concert Association,SRC-0021,High,canonical_id,Recurring Series producer/organizer
PR-00392,EDGE-00389,Series,SER-0011,SER-0011,Newton T. Bass Family Concert Series,occurs_at,Entity,ENT-0016,ENT-0016,Victor Valley College Performing Arts Center,SRC-0021,High,canonical_id,Recurring Series venue/geography
PR-00393,EDGE-00390,Source,SRC-0024,SRC-0024,Hilltop Tavern & Inn Entertainment,supports_series,Series,SER-0012,SER-0012,Hilltop Tavern Live Entertainment,SRC-0024,High,legacy_id,Recurring Series source ID
PR-00394,EDGE-00391,Series,SER-0012,SER-0012,Hilltop Tavern Live Entertainment,produced_by,Entity,ENT-0017,ENT-0017,Hilltop Tavern & Inn,SRC-0024,High,canonical_id,Recurring Series producer/organizer
PR-00395,EDGE-00392,Series,SER-0012,SER-0012,Hilltop Tavern Live Entertainment,occurs_at,Place,,,Apple Valley,SRC-0024,Medium,literal_place,Recurring Series venue/geography
PR-00396,EDGE-00393,Source,SRC-0027,SRC-0027,Village Grind & Wine Events,supports_series,Series,SER-0013,SER-0013,Village Grind Summer Concert Series,SRC-0027,High,legacy_id,Recurring Series source ID
PR-00397,EDGE-00394,Series,SER-0013,SER-0013,Village Grind Summer Concert Series,produced_by,Entity,,ENT-0020,Village Grind & Wine Cellar,SRC-0027,Medium,split_resolution,Recurring Series producer/organizer
PR-00398,EDGE-00394,Series,SER-0013,SER-0013,Village Grind Summer Concert Series,produced_by,Entity,,ENT-0228,Wrightwood Blues Society,SRC-0027,Medium,split_resolution,Recurring Series producer/organizer
PR-00399,EDGE-00395,Series,SER-0013,SER-0013,Village Grind Summer Concert Series,occurs_at,Place,,,Wrightwood,SRC-0027,Medium,literal_place,Recurring Series venue/geography
PR-00400,EDGE-00396,Source,SRC-0028,SRC-0028,Groove Hunters Upcoming Shows,supports_series,Series,SER-0014,SER-0014,Hesperia Leisure League Music Night,SRC-0028,High,legacy_id,Recurring Series source ID
PR-00401,EDGE-00397,Series,SER-0014,SER-0014,Hesperia Leisure League Music Night,produced_by,Entity,,ENT-0022,Hesperia Leisure League,SRC-0028,Medium,split_resolution,Recurring Series producer/organizer
PR-00402,EDGE-00397,Series,SER-0014,SER-0014,Hesperia Leisure League Music Night,produced_by,Entity,,ENT-0021,Groove Hunters,SRC-0028,Medium,split_resolution,Recurring Series producer/organizer
PR-00403,EDGE-00398,Series,SER-0014,SER-0014,Hesperia Leisure League Music Night,occurs_at,Place,,,Hesperia,SRC-0028,Medium,literal_place,Recurring Series venue/geography
PR-00404,EDGE-00399,Source,SRC-0030,SRC-0030,High Desert Astronomical Society / Night Sky Network,supports_series,Series,SER-0015,SER-0015,High Desert Community Star Parties,SRC-0030,High,legacy_id,Recurring Series source ID
PR-00405,EDGE-00400,Series,SER-0015,SER-0015,High Desert Community Star Parties,produced_by,Entity,ENT-0023,ENT-0023,High Desert Astronomical Society,SRC-0030,High,canonical_id,Recurring Series producer/organizer
PR-00406,EDGE-00401,Series,SER-0015,SER-0015,High Desert Community Star Parties,occurs_at,Place,,,"Luz Observatory, Apple Valley",SRC-0030,Medium,literal_place,Recurring Series venue/geography
PR-00407,EDGE-00402,Source,SRC-0033,SRC-0033,Linebreakers Event Tickets,supports_series,Series,SER-0016,SER-0016,Linebreakers MTG Commander Nights,SRC-0033,High,legacy_id,Recurring Series source ID
PR-00408,EDGE-00403,Series,SER-0016,SER-0016,Linebreakers MTG Commander Nights,produced_by,Entity,,ENT-0031,Linebreakers,SRC-0033,Medium,entity_resolution_pass,Recurring Series producer/organizer
PR-00409,EDGE-00404,Series,SER-0016,SER-0016,Linebreakers MTG Commander Nights,occurs_at,Place,,,Victorville,SRC-0033,Medium,literal_place,Recurring Series venue/geography
PR-00410,EDGE-00405,Source,SRC-0033,SRC-0033,Linebreakers Event Tickets,supports_series,Series,SER-0017,SER-0017,Linebreakers Blood Bowl Fridays,SRC-0033,High,legacy_id,Recurring Series source ID
PR-00411,EDGE-00406,Series,SER-0017,SER-0017,Linebreakers Blood Bowl Fridays,produced_by,Entity,,ENT-0031,Linebreakers,SRC-0033,Medium,entity_resolution_pass,Recurring Series producer/organizer
PR-00412,EDGE-00407,Series,SER-0017,SER-0017,Linebreakers Blood Bowl Fridays,occurs_at,Place,,,Victorville,SRC-0033,Medium,literal_place,Recurring Series venue/geography
PR-00413,EDGE-00408,Source,SRC-0033,SRC-0033,Linebreakers Event Tickets,supports_series,Series,SER-0018,SER-0018,Linebreakers One Piece Saturdays,SRC-0033,High,legacy_id,Recurring Series source ID
PR-00414,EDGE-00409,Series,SER-0018,SER-0018,Linebreakers One Piece Saturdays,produced_by,Entity,,ENT-0031,Linebreakers,SRC-0033,Medium,entity_resolution_pass,Recurring Series producer/organizer
PR-00415,EDGE-00410,Series,SER-0018,SER-0018,Linebreakers One Piece Saturdays,occurs_at,Place,,,Victorville,SRC-0033,Medium,literal_place,Recurring Series venue/geography
PR-00416,EDGE-00411,Source,SRC-0036,SRC-0036,Sevens Goods / Paladin's Rest TCG Events,supports_series,Series,SER-0019,SER-0019,Paladin's Rest Weekly TCG Events,SRC-0036,High,legacy_id,Recurring Series source ID
PR-00417,EDGE-00412,Series,SER-0019,SER-0019,Paladin's Rest Weekly TCG Events,produced_by,Entity,ENT-0033,ENT-0033,Sevens Goods and The Paladin's Rest,SRC-0036,High,canonical_id,Recurring Series producer/organizer
PR-00418,EDGE-00413,Series,SER-0019,SER-0019,Paladin's Rest Weekly TCG Events,occurs_at,Place,,,Hesperia,SRC-0036,Medium,literal_place,Recurring Series venue/geography
PR-00419,EDGE-00414,Source,SRC-0035,SRC-0035,Baseball & Games TCG Events,supports_series,Series,SER-0020,SER-0020,Baseball & Games One Piece Store Tournaments,SRC-0035,High,legacy_id,Recurring Series source ID
PR-00420,EDGE-00415,Series,SER-0020,SER-0020,Baseball & Games One Piece Store Tournaments,produced_by,Entity,ENT-0032,ENT-0032,Baseball & Games,SRC-0035,High,canonical_id,Recurring Series producer/organizer
PR-00421,EDGE-00416,Series,SER-0020,SER-0020,Baseball & Games One Piece Store Tournaments,occurs_at,Place,,,Hesperia,SRC-0035,Medium,literal_place,Recurring Series venue/geography
PR-00422,EDGE-00417,Source,SRC-0041,SRC-0041,Apple Valley Gun Club Calendar,supports_series,Series,SER-0021,SER-0021,Apple Valley Gun Club Open Trap,SRC-0041,High,legacy_id,Recurring Series source ID
PR-00423,EDGE-00418,Series,SER-0021,SER-0021,Apple Valley Gun Club Open Trap,produced_by,Entity,ENT-0037,ENT-0037,Apple Valley Gun Club,SRC-0041,High,canonical_id,Recurring Series producer/organizer
PR-00424,EDGE-00419,Series,SER-0021,SER-0021,Apple Valley Gun Club Open Trap,occurs_at,Place,,,Victorville / Apple Valley area,SRC-0041,Medium,literal_place,Recurring Series venue/geography
PR-00425,EDGE-00420,Source,SRC-0041,SRC-0041,Apple Valley Gun Club Calendar,supports_series,Series,SER-0022,SER-0022,Apple Valley Gun Club Monthly Matches,SRC-0041,High,legacy_id,Recurring Series source ID
PR-00426,EDGE-00421,Series,SER-0022,SER-0022,Apple Valley Gun Club Monthly Matches,produced_by,Entity,ENT-0037,ENT-0037,Apple Valley Gun Club,SRC-0041,High,canonical_id,Recurring Series producer/organizer
PR-00427,EDGE-00422,Series,SER-0022,SER-0022,Apple Valley Gun Club Monthly Matches,occurs_at,Place,,,Victorville / Apple Valley area,SRC-0041,Medium,literal_place,Recurring Series venue/geography
PR-00428,EDGE-00423,Source,SRC-0043,SRC-0043,Calvary Chapel Apple Valley E-Bulletin,supports_series,Series,SER-0023,SER-0023,Calvary Chapel Apple Valley Weekly Programs,SRC-0043,High,legacy_id,Recurring Series source ID
PR-00429,EDGE-00424,Series,SER-0023,SER-0023,Calvary Chapel Apple Valley Weekly Programs,produced_by,Entity,ENT-0039,ENT-0039,Calvary Chapel Apple Valley,SRC-0043,High,canonical_id,Recurring Series producer/organizer
PR-00430,EDGE-00425,Series,SER-0023,SER-0023,Calvary Chapel Apple Valley Weekly Programs,occurs_at,Place,,,Apple Valley,SRC-0043,Medium,literal_place,Recurring Series venue/geography
PR-00431,EDGE-00426,Source,SRC-0044,SRC-0044,Saint Mary Coptic Orthodox Church Calendar,supports_series,Series,SER-0024,SER-0024,Saint Mary Coptic Weekly Services & Activities,SRC-0044,High,legacy_id,Recurring Series source ID
PR-00432,EDGE-00427,Series,SER-0024,SER-0024,Saint Mary Coptic Weekly Services & Activities,produced_by,Entity,ENT-0040,ENT-0040,Saint Mary Coptic Orthodox Church,SRC-0044,High,canonical_id,Recurring Series producer/organizer
PR-00433,EDGE-00428,Series,SER-0024,SER-0024,Saint Mary Coptic Weekly Services & Activities,occurs_at,Place,,,Victorville,SRC-0044,Medium,literal_place,Recurring Series venue/geography
PR-00434,EDGE-00429,Source,SRC-0047,SRC-0047,Apple Valley Church of the Nazarene — Upcoming Events,supports_series,Series,SER-0025,SER-0025,Apple Valley Nazarene Recurring Community Programs,SRC-0047,High,legacy_id,Recurring Series source ID
PR-00435,EDGE-00430,Series,SER-0025,SER-0025,Apple Valley Nazarene Recurring Community Programs,produced_by,Entity,ENT-0043,ENT-0043,Apple Valley Church of the Nazarene,SRC-0047,High,canonical_id,Recurring Series producer/organizer
PR-00436,EDGE-00431,Series,SER-0025,SER-0025,Apple Valley Nazarene Recurring Community Programs,occurs_at,Place,,,Apple Valley,SRC-0047,Medium,literal_place,Recurring Series venue/geography
PR-00437,EDGE-00432,Source,SRC-0049,SRC-0049,Mojave River Valley Horsemen's Association,supports_series,Series,SER-0026,SER-0026,MRVHA Show & Event Season,SRC-0049,High,legacy_id,Recurring Series source ID
PR-00438,EDGE-00433,Series,SER-0026,SER-0026,MRVHA Show & Event Season,produced_by,Entity,ENT-0046,ENT-0046,Mojave River Valley Horsemen's Association,SRC-0049,High,canonical_id,Recurring Series producer/organizer
PR-00439,EDGE-00434,Series,SER-0026,SER-0026,MRVHA Show & Event Season,occurs_at,Place,,,Apple Valley,SRC-0049,Medium,literal_place,Recurring Series venue/geography
PR-00440,EDGE-00435,Source,SRC-0050,SRC-0050,HD BMX / USA BMX Track,supports_series,Series,SER-0027,SER-0027,HD BMX Monday Night Racing,SRC-0050,High,legacy_id,Recurring Series source ID
PR-00441,EDGE-00436,Series,SER-0027,SER-0027,HD BMX Monday Night Racing,produced_by,Entity,ENT-0047,ENT-0047,HD BMX,SRC-0050,High,canonical_id,Recurring Series producer/organizer
PR-00442,EDGE-00437,Series,SER-0027,SER-0027,HD BMX Monday Night Racing,occurs_at,Place,,,"Live Oak Park, Hesperia",SRC-0050,Medium,literal_place,Recurring Series venue/geography
PR-00443,EDGE-00438,Source,SRC-0050,SRC-0050,HD BMX / USA BMX Track,supports_series,Series,SER-0028,SER-0028,HD BMX Wednesday Night Racing,SRC-0050,High,legacy_id,Recurring Series source ID
PR-00444,EDGE-00439,Series,SER-0028,SER-0028,HD BMX Wednesday Night Racing,produced_by,Entity,ENT-0047,ENT-0047,HD BMX,SRC-0050,High,canonical_id,Recurring Series producer/organizer
PR-00445,EDGE-00440,Series,SER-0028,SER-0028,HD BMX Wednesday Night Racing,occurs_at,Place,,,"Live Oak Park, Hesperia",SRC-0050,Medium,literal_place,Recurring Series venue/geography
PR-00446,EDGE-00441,Source,SRC-0054,SRC-0054,Thunderbird Square Dance Club,supports_series,Series,SER-0029,SER-0029,Thunderbird Tuesday Dance Classes,SRC-0054,High,legacy_id,Recurring Series source ID
PR-00447,EDGE-00442,Series,SER-0029,SER-0029,Thunderbird Tuesday Dance Classes,produced_by,Entity,ENT-0051,ENT-0051,Thunderbird Square Dance Club,SRC-0054,High,canonical_id,Recurring Series producer/organizer
PR-00448,EDGE-00443,Series,SER-0029,SER-0029,Thunderbird Tuesday Dance Classes,occurs_at,Place,,,"James A. Woody Community Center, Apple Valley",SRC-0054,Medium,literal_place,Recurring Series venue/geography
PR-00449,EDGE-00444,Source,SRC-0053,SRC-0053,Praise Chapel Apple Valley Events,supports_series,Series,SER-0030,SER-0030,Praise Chapel Youth Nights,SRC-0053,High,legacy_id,Recurring Series source ID
PR-00450,EDGE-00445,Series,SER-0030,SER-0030,Praise Chapel Youth Nights,produced_by,Entity,ENT-0050,ENT-0050,Praise Chapel Apple Valley,SRC-0053,High,canonical_id,Recurring Series producer/organizer
PR-00451,EDGE-00446,Series,SER-0030,SER-0030,Praise Chapel Youth Nights,occurs_at,Place,,,Apple Valley,SRC-0053,Medium,literal_place,Recurring Series venue/geography
PR-00452,EDGE-00447,Source,SRC-0053,SRC-0053,Praise Chapel Apple Valley Events,supports_series,Series,SER-0031,SER-0031,Praise Chapel Women's Bible Studies,SRC-0053,High,legacy_id,Recurring Series source ID
PR-00453,EDGE-00448,Series,SER-0031,SER-0031,Praise Chapel Women's Bible Studies,produced_by,Entity,ENT-0050,ENT-0050,Praise Chapel Apple Valley,SRC-0053,High,canonical_id,Recurring Series producer/organizer
PR-00454,EDGE-00449,Series,SER-0031,SER-0031,Praise Chapel Women's Bible Studies,occurs_at,Place,,,Apple Valley,SRC-0053,Medium,literal_place,Recurring Series venue/geography
PR-00455,EDGE-00450,Source,SRC-0055,SRC-0055,San Bernardino County Public Health — Community Resources,supports_series,Series,SER-0032,SER-0032,High Desert Food Distribution Network,SRC-0055,High,legacy_id,Recurring Series source ID
PR-00456,EDGE-00452,Series,SER-0032,SER-0032,High Desert Food Distribution Network,occurs_at,Place,,,Victor Valley / High Desert,SRC-0055,Medium,literal_place,Recurring Series venue/geography
PR-00457,EDGE-00453,Source,SRC-0058,SRC-0058,Hesperia Heat AYSO Region 878,supports_series,Series,SER-0033,SER-0033,Hesperia AYSO Fall Season,SRC-0058,High,legacy_id,Recurring Series source ID
PR-00458,EDGE-00454,Series,SER-0033,SER-0033,Hesperia AYSO Fall Season,produced_by,Entity,ENT-0058,ENT-0058,Hesperia Heat AYSO Region 878,SRC-0058,High,canonical_id,Recurring Series producer/organizer
PR-00459,EDGE-00455,Series,SER-0033,SER-0033,Hesperia AYSO Fall Season,occurs_at,Place,,,Hesperia / Oak Hills,SRC-0058,Medium,literal_place,Recurring Series venue/geography
PR-00460,EDGE-00456,Source,SRC-0059,SRC-0059,Hesperia Trojans Youth Football & Cheer,supports_series,Series,SER-0034,SER-0034,Hesperia Trojans Football & Cheer Season,SRC-0059,High,legacy_id,Recurring Series source ID
PR-00461,EDGE-00457,Series,SER-0034,SER-0034,Hesperia Trojans Football & Cheer Season,produced_by,Entity,,ENT-0059,Hesperia Trojans,SRC-0059,Medium,entity_resolution_pass,Recurring Series producer/organizer
PR-00462,EDGE-00458,Series,SER-0034,SER-0034,Hesperia Trojans Football & Cheer Season,occurs_at,Place,,,Hesperia / Oak Hills,SRC-0059,Medium,literal_place,Recurring Series venue/geography
PR-00463,EDGE-00459,Source,SRC-0060,SRC-0060,AYSO Region 665 Victor Valley,supports_series,Series,SER-0035,SER-0035,AYSO Region 665 Victor Valley Season,SRC-0060,High,legacy_id,Recurring Series source ID
PR-00464,EDGE-00460,Series,SER-0035,SER-0035,AYSO Region 665 Victor Valley Season,produced_by,Entity,ENT-0060,ENT-0060,AYSO Region 665,SRC-0060,High,canonical_id,Recurring Series producer/organizer
PR-00465,EDGE-00461,Series,SER-0035,SER-0035,AYSO Region 665 Victor Valley Season,occurs_at,Place,,,Victor Valley,SRC-0060,Medium,literal_place,Recurring Series venue/geography
PR-00466,EDGE-00462,Source,SRC-0065,SRC-0065,High Desert Second Chance Recurring Services,supports_series,Series,SER-0036,SER-0036,High Desert Second Chance Food Distribution Schedule,SRC-0065,High,legacy_id,Recurring Series source ID
PR-00467,EDGE-00463,Series,SER-0036,SER-0036,High Desert Second Chance Food Distribution Schedule,produced_by,Entity,ENT-0064,ENT-0064,High Desert Second Chance,SRC-0065,High,canonical_id,Recurring Series producer/organizer
PR-00468,EDGE-00464,Series,SER-0036,SER-0036,High Desert Second Chance Food Distribution Schedule,occurs_at,Place,,,Hesperia,SRC-0065,Medium,literal_place,Recurring Series venue/geography
PR-00469,EDGE-00465,Source,SRC-0066,SRC-0066,Rescue Mission Alliance Valley Food Bank — Direct Assistance,supports_series,Series,SER-0037,SER-0037,Victor Valley Rescue Mission Partner Pantry Network,SRC-0066,High,legacy_id,Recurring Series source ID
PR-00470,EDGE-00466,Series,SER-0037,SER-0037,Victor Valley Rescue Mission Partner Pantry Network,produced_by,Entity,,ENT-0225,Rescue Mission Alliance,SRC-0066,Medium,split_resolution,Recurring Series producer/organizer
PR-00471,EDGE-00466,Series,SER-0037,SER-0037,Victor Valley Rescue Mission Partner Pantry Network,produced_by,Entity,,ENT-0065,Victor Valley Rescue Mission,SRC-0066,Medium,split_resolution,Recurring Series producer/organizer
PR-00472,EDGE-00467,Series,SER-0037,SER-0037,Victor Valley Rescue Mission Partner Pantry Network,occurs_at,Place,,,Victor Valley / Adelanto / Apple Valley,SRC-0066,Medium,literal_place,Recurring Series venue/geography
PR-00473,EDGE-00468,Source,SRC-0068,SRC-0068,New Life Chapel Events,supports_series,Series,SER-0038,SER-0038,New Life Chapel Event Program,SRC-0068,High,legacy_id,Recurring Series source ID
PR-00474,EDGE-00469,Series,SER-0038,SER-0038,New Life Chapel Event Program,produced_by,Entity,ENT-0067,ENT-0067,New Life Chapel,SRC-0068,High,canonical_id,Recurring Series producer/organizer
PR-00475,EDGE-00470,Series,SER-0038,SER-0038,New Life Chapel Event Program,occurs_at,Place,,,Hesperia,SRC-0068,Medium,literal_place,Recurring Series venue/geography
PR-00476,EDGE-00471,Source,SRC-0069,SRC-0069,Spirit Filled Family Church Hesperia Calendar,supports_series,Series,SER-0039,SER-0039,Spirit Filled Family Church Food Distribution,SRC-0069,High,legacy_id,Recurring Series source ID
PR-00477,EDGE-00472,Series,SER-0039,SER-0039,Spirit Filled Family Church Food Distribution,produced_by,Entity,,ENT-0257,Spirit Filled Family Church,SRC-0069,Medium,entity_resolution_pass,Recurring Series producer/organizer
PR-00478,EDGE-00473,Series,SER-0039,SER-0039,Spirit Filled Family Church Food Distribution,occurs_at,Place,,,Hesperia,SRC-0069,Medium,literal_place,Recurring Series venue/geography
PR-00479,EDGE-00474,Source,SRC-0069,SRC-0069,Spirit Filled Family Church Hesperia Calendar,supports_series,Series,SER-0040,SER-0040,Project 7000,SRC-0069,High,legacy_id,Recurring Series source ID
PR-00480,EDGE-00475,Series,SER-0040,SER-0040,Project 7000,produced_by,Entity,,ENT-0257,Spirit Filled Family Church,SRC-0069,Medium,entity_resolution_pass,Recurring Series producer/organizer
PR-00481,EDGE-00476,Series,SER-0040,SER-0040,Project 7000,occurs_at,Place,,,Hesperia,SRC-0069,Medium,literal_place,Recurring Series venue/geography
PR-00482,EDGE-00477,Source,SRC-0070,SRC-0070,Holy Family Catholic Church Hesperia,supports_series,Series,SER-0041,SER-0041,Holy Family Friday Adoration,SRC-0070,High,legacy_id,Recurring Series source ID
PR-00483,EDGE-00478,Series,SER-0041,SER-0041,Holy Family Friday Adoration,produced_by,Entity,ENT-0069,ENT-0069,Holy Family Catholic Church,SRC-0070,High,canonical_id,Recurring Series producer/organizer
PR-00484,EDGE-00479,Series,SER-0041,SER-0041,Holy Family Friday Adoration,occurs_at,Place,,,Hesperia,SRC-0070,Medium,literal_place,Recurring Series venue/geography
PR-00485,EDGE-00480,Source,SRC-0070,SRC-0070,Holy Family Catholic Church Hesperia,supports_series,Series,SER-0042,SER-0042,Holy Family Food Distribution,SRC-0070,High,legacy_id,Recurring Series source ID
PR-00486,EDGE-00481,Series,SER-0042,SER-0042,Holy Family Food Distribution,produced_by,Entity,ENT-0069,ENT-0069,Holy Family Catholic Church,SRC-0070,High,canonical_id,Recurring Series producer/organizer
PR-00487,EDGE-00482,Series,SER-0042,SER-0042,Holy Family Food Distribution,occurs_at,Place,,,Hesperia,SRC-0070,Medium,literal_place,Recurring Series venue/geography
PR-00488,EDGE-00483,Source,SRC-0071,SRC-0071,The Village in Apple Valley Events,supports_series,Series,SER-0043,SER-0043,Happy Trails Street Fair & Car Show,SRC-0071,High,legacy_id,Recurring Series source ID
PR-00489,EDGE-00484,Series,SER-0043,SER-0043,Happy Trails Street Fair & Car Show,produced_by,Entity,ENT-0070,ENT-0070,The Village in Apple Valley PBID,SRC-0071,High,canonical_id,Recurring Series producer/organizer
PR-00490,EDGE-00485,Series,SER-0043,SER-0043,Happy Trails Street Fair & Car Show,occurs_at,Place,,,Apple Valley / James A. Woody area,SRC-0071,Medium,literal_place,Recurring Series venue/geography
PR-00491,EDGE-00486,Source,SRC-0075,SRC-0075,AYSO Region 665 Field & Tournament Information,supports_series,Series,SER-0044,SER-0044,Coyote Classic,SRC-0075,High,legacy_id,Recurring Series source ID
PR-00492,EDGE-00487,Series,SER-0044,SER-0044,Coyote Classic,produced_by,Entity,ENT-0060,ENT-0060,AYSO Region 665,SRC-0075,High,canonical_id,Recurring Series producer/organizer
PR-00493,EDGE-00488,Series,SER-0044,SER-0044,Coyote Classic,occurs_at,Place,,,Victor Valley / Apple Valley historically,SRC-0075,Medium,literal_place,Recurring Series venue/geography
PR-00494,EDGE-00489,Source,SRC-0073,SRC-0073,San Bernardino County Workforce Development High Desert Events,supports_series,Series,SER-0045,SER-0045,High Desert Hiring Events,SRC-0073,High,legacy_id,Recurring Series source ID
PR-00495,EDGE-00490,Series,SER-0045,SER-0045,High Desert Hiring Events,produced_by,Entity,ENT-0073,ENT-0073,San Bernardino County Workforce Development Board,SRC-0073,High,canonical_id,Recurring Series producer/organizer
PR-00496,EDGE-00491,Series,SER-0045,SER-0045,High Desert Hiring Events,occurs_at,Place,,,Apple Valley / High Desert,SRC-0073,Medium,literal_place,Recurring Series venue/geography
PR-00497,EDGE-00492,Source,SRC-0076,SRC-0076,Victor Valley Community Services Council Calendar,supports_series,Series,SER-0046,SER-0046,Victor Valley Community Services Council Monthly Activities,SRC-0076,High,legacy_id,Recurring Series source ID
PR-00498,EDGE-00493,Series,SER-0046,SER-0046,Victor Valley Community Services Council Monthly Activities,produced_by,Entity,ENT-0075,ENT-0075,Victor Valley Community Services Council,SRC-0076,High,canonical_id,Recurring Series producer/organizer
PR-00499,EDGE-00494,Series,SER-0046,SER-0046,Victor Valley Community Services Council Monthly Activities,occurs_at,Place,,,Victorville / Hesperia,SRC-0076,Medium,literal_place,Recurring Series venue/geography
PR-00500,EDGE-00495,Source,SRC-0077,SRC-0077,San Bernardino County Certified Farmers Markets Directory,supports_series,Series,SER-0047,SER-0047,Hesperia Community Farmers Market,SRC-0077,High,legacy_id,Recurring Series source ID
PR-00501,EDGE-00496,Series,SER-0047,SER-0047,Hesperia Community Farmers Market,produced_by,Entity,ENT-0076,ENT-0076,Hesperia Community Farmers Market,SRC-0077,High,canonical_id,Recurring Series producer/organizer
PR-00502,EDGE-00497,Series,SER-0047,SER-0047,Hesperia Community Farmers Market,occurs_at,Place,,,Hesperia Civic Plaza Park,SRC-0077,Medium,literal_place,Recurring Series venue/geography
PR-00503,EDGE-00498,Source,SRC-0077,SRC-0077,San Bernardino County Certified Farmers Markets Directory,supports_series,Series,SER-0048,SER-0048,High Desert Farmers Market,SRC-0077,High,legacy_id,Recurring Series source ID
PR-00504,EDGE-00499,Series,SER-0048,SER-0048,High Desert Farmers Market,produced_by,Entity,ENT-0077,ENT-0077,High Desert Farmers Market,SRC-0077,High,canonical_id,Recurring Series producer/organizer
PR-00505,EDGE-00500,Series,SER-0048,SER-0048,High Desert Farmers Market,occurs_at,Entity,ENT-0012,ENT-0012,Victor Valley College,SRC-0077,High,canonical_id,Recurring Series venue/geography
PR-00506,EDGE-00501,Source,SRC-0077,SRC-0077,San Bernardino County Certified Farmers Markets Directory,supports_series,Series,SER-0049,SER-0049,Phelan Certified Farmers Market,SRC-0077,High,legacy_id,Recurring Series source ID
PR-00507,EDGE-00502,Series,SER-0049,SER-0049,Phelan Certified Farmers Market,produced_by,Entity,ENT-0078,ENT-0078,Phelan Certified Farmers Market,SRC-0077,High,canonical_id,Recurring Series producer/organizer
PR-00508,EDGE-00503,Series,SER-0049,SER-0049,Phelan Certified Farmers Market,occurs_at,Place,,,Phelan Community Center,SRC-0077,Medium,literal_place,Recurring Series venue/geography
PR-00509,EDGE-00504,Source,SRC-0078,SRC-0078,San Bernardino County Environmental Health Farmers Market Events,supports_series,Series,SER-0050,SER-0050,Victor Valley Museum Farmers Market,SRC-0078,High,legacy_id,Recurring Series source ID
PR-00510,EDGE-00505,Series,SER-0050,SER-0050,Victor Valley Museum Farmers Market,produced_by,Entity,,ENT-0233,California Farmers Market Collective,SRC-0078,Medium,entity_resolution_pass,Recurring Series producer/organizer
PR-00511,EDGE-00506,Series,SER-0050,SER-0050,Victor Valley Museum Farmers Market,occurs_at,Entity,ENT-0006,ENT-0006,Victor Valley Museum,SRC-0078,High,canonical_id,Recurring Series venue/geography
PR-00512,EDGE-00507,Source,SRC-0081,SRC-0081,High Desert Marines Upcoming Events,supports_series,Series,SER-0051,SER-0051,High Desert Marines Car Show,SRC-0081,High,legacy_id,Recurring Series source ID
PR-00513,EDGE-00508,Series,SER-0051,SER-0051,High Desert Marines Car Show,produced_by,Entity,ENT-0082,ENT-0082,High Desert Marines,SRC-0081,High,canonical_id,Recurring Series producer/organizer
PR-00514,EDGE-00509,Series,SER-0051,SER-0051,High Desert Marines Car Show,occurs_at,Place,,,Victor Valley College Lower Campus,SRC-0081,Medium,literal_place,Recurring Series venue/geography
PR-00515,EDGE-00510,Source,SRC-0082,SRC-0082,Today's Woman Foundation Events/Gala,supports_series,Series,SER-0052,SER-0052,Today's Woman Foundation Annual Gala,SRC-0082,High,legacy_id,Recurring Series source ID
PR-00516,EDGE-00511,Series,SER-0052,SER-0052,Today's Woman Foundation Annual Gala,produced_by,Entity,ENT-0083,ENT-0083,Today's Woman Foundation,SRC-0082,High,canonical_id,Recurring Series producer/organizer
PR-00517,EDGE-00512,Series,SER-0052,SER-0052,Today's Woman Foundation Annual Gala,occurs_at,Place,,,VVC Educational Event Center,SRC-0082,Medium,literal_place,Recurring Series venue/geography
PR-00518,EDGE-00513,Source,SRC-0083,SRC-0083,Poised-N-Polished Events,supports_series,Series,SER-0053,SER-0053,Warriors Wear Pink Gala,SRC-0083,High,legacy_id,Recurring Series source ID
PR-00519,EDGE-00514,Series,SER-0053,SER-0053,Warriors Wear Pink Gala,produced_by,Entity,ENT-0084,ENT-0084,Poised-N-Polished,SRC-0083,High,canonical_id,Recurring Series producer/organizer
PR-00520,EDGE-00515,Series,SER-0053,SER-0053,Warriors Wear Pink Gala,occurs_at,Place,,,High Desert,SRC-0083,Medium,literal_place,Recurring Series venue/geography
PR-00521,EDGE-00516,Source,SRC-0084,SRC-0084,Triumph Foundation Event Calendar,supports_series,Series,SER-0054,SER-0054,Triumph Adaptive Shooting Clinic,SRC-0084,High,legacy_id,Recurring Series source ID
PR-00522,EDGE-00517,Series,SER-0054,SER-0054,Triumph Adaptive Shooting Clinic,produced_by,Entity,,ENT-0085,Triumph Foundation,SRC-0084,Medium,split_resolution,Recurring Series producer/organizer
PR-00523,EDGE-00517,Series,SER-0054,SER-0054,Triumph Adaptive Shooting Clinic,produced_by,Entity,,ENT-0037,Apple Valley Gun Club,SRC-0084,Medium,split_resolution,Recurring Series producer/organizer
PR-00524,EDGE-00518,Series,SER-0054,SER-0054,Triumph Adaptive Shooting Clinic,occurs_at,Entity,ENT-0037,ENT-0037,Apple Valley Gun Club,SRC-0084,High,canonical_id,Recurring Series venue/geography
PR-00525,EDGE-00519,Source,SRC-0087,SRC-0087,Victorville Senior Citizens Club Calendar,supports_series,Series,SER-0055,SER-0055,Victorville Senior Citizens Bingo,SRC-0087,High,legacy_id,Recurring Series source ID
PR-00526,EDGE-00520,Series,SER-0055,SER-0055,Victorville Senior Citizens Bingo,produced_by,Entity,ENT-0088,ENT-0088,Victorville Senior Citizens Club,SRC-0087,High,canonical_id,Recurring Series producer/organizer
PR-00527,EDGE-00521,Series,SER-0055,SER-0055,Victorville Senior Citizens Bingo,occurs_at,Entity,ENT-0088,ENT-0088,Victorville Senior Citizens Club,SRC-0087,High,canonical_id,Recurring Series venue/geography
PR-00528,EDGE-00522,Source,SRC-0088,SRC-0088,Apple Valley Senior Citizens Club,supports_series,Series,SER-0056,SER-0056,Apple Valley Senior Center Bingo,SRC-0088,High,legacy_id,Recurring Series source ID
PR-00529,EDGE-00523,Series,SER-0056,SER-0056,Apple Valley Senior Center Bingo,produced_by,Entity,ENT-0089,ENT-0089,Apple Valley Senior Citizens Club,SRC-0088,High,canonical_id,Recurring Series producer/organizer
PR-00530,EDGE-00524,Series,SER-0056,SER-0056,Apple Valley Senior Center Bingo,occurs_at,Place,,,Apple Valley Senior Center,SRC-0088,Medium,literal_place,Recurring Series venue/geography
PR-00531,EDGE-00525,Source,SRC-0090,SRC-0090,Hesperia Music Academy Calendar,supports_series,Series,SER-0057,SER-0057,Hesperia Music Academy Recitals,SRC-0090,High,legacy_id,Recurring Series source ID
PR-00532,EDGE-00526,Series,SER-0057,SER-0057,Hesperia Music Academy Recitals,produced_by,Entity,ENT-0091,ENT-0091,Hesperia Music Academy,SRC-0090,High,canonical_id,Recurring Series producer/organizer
PR-00533,EDGE-00527,Series,SER-0057,SER-0057,Hesperia Music Academy Recitals,occurs_at,Place,,,Hesperia,SRC-0090,Medium,literal_place,Recurring Series venue/geography
PR-00534,EDGE-00528,Source,SRC-0091,SRC-0091,High Desert Hispanic Chamber of Commerce Events,supports_series,Series,SER-0058,SER-0058,HDHCC Cafecito Breakfast,SRC-0091,High,legacy_id,Recurring Series source ID
PR-00535,EDGE-00529,Series,SER-0058,SER-0058,HDHCC Cafecito Breakfast,produced_by,Entity,ENT-0092,ENT-0092,High Desert Hispanic Chamber of Commerce,SRC-0091,High,canonical_id,Recurring Series producer/organizer
PR-00536,EDGE-00530,Series,SER-0058,SER-0058,HDHCC Cafecito Breakfast,occurs_at,Place,,,High Desert,SRC-0091,Medium,literal_place,Recurring Series venue/geography
PR-00537,EDGE-00531,Source,SRC-0091,SRC-0091,High Desert Hispanic Chamber of Commerce Events,supports_series,Series,SER-0059,SER-0059,HDHCC Cena de Empresarios con Visión,SRC-0091,High,legacy_id,Recurring Series source ID
PR-00538,EDGE-00532,Series,SER-0059,SER-0059,HDHCC Cena de Empresarios con Visión,produced_by,Entity,ENT-0092,ENT-0092,High Desert Hispanic Chamber of Commerce,SRC-0091,High,canonical_id,Recurring Series producer/organizer
PR-00539,EDGE-00533,Series,SER-0059,SER-0059,HDHCC Cena de Empresarios con Visión,occurs_at,Place,,,High Desert,SRC-0091,Medium,literal_place,Recurring Series venue/geography
PR-00540,EDGE-00534,Source,SRC-0091,SRC-0091,High Desert Hispanic Chamber of Commerce Events,supports_series,Series,SER-0060,SER-0060,HDHCC Fiesta 5K Run,SRC-0091,High,legacy_id,Recurring Series source ID
PR-00541,EDGE-00535,Series,SER-0060,SER-0060,HDHCC Fiesta 5K Run,produced_by,Entity,ENT-0092,ENT-0092,High Desert Hispanic Chamber of Commerce,SRC-0091,High,canonical_id,Recurring Series producer/organizer
PR-00542,EDGE-00536,Series,SER-0060,SER-0060,HDHCC Fiesta 5K Run,occurs_at,Entity,ENT-0012,ENT-0012,Victor Valley College,SRC-0091,High,canonical_id,Recurring Series venue/geography
PR-00543,EDGE-00537,Source,SRC-0092,SRC-0092,FORGE Foundation Events & Programs,supports_series,Series,SER-0061,SER-0061,FORGE Weekly Food Distribution,SRC-0092,High,legacy_id,Recurring Series source ID
PR-00544,EDGE-00538,Series,SER-0061,SER-0061,FORGE Weekly Food Distribution,produced_by,Entity,ENT-0093,ENT-0093,FORGE Foundation,SRC-0092,High,canonical_id,Recurring Series producer/organizer
PR-00545,EDGE-00539,Series,SER-0061,SER-0061,FORGE Weekly Food Distribution,occurs_at,Place,,,"16700 Green Tree Blvd, Victorville",SRC-0092,Medium,literal_place,Recurring Series venue/geography
PR-00546,EDGE-00540,Source,SRC-0092,SRC-0092,FORGE Foundation Events & Programs,supports_series,Series,SER-0062,SER-0062,FORGE Community Day,SRC-0092,High,legacy_id,Recurring Series source ID
PR-00547,EDGE-00541,Series,SER-0062,SER-0062,FORGE Community Day,produced_by,Entity,ENT-0093,ENT-0093,FORGE Foundation,SRC-0092,High,canonical_id,Recurring Series producer/organizer
PR-00548,EDGE-00542,Series,SER-0062,SER-0062,FORGE Community Day,occurs_at,Place,,,"16700 Green Tree Blvd, Victorville",SRC-0092,Medium,literal_place,Recurring Series venue/geography
PR-00549,EDGE-00543,Source,SRC-0092,SRC-0092,FORGE Foundation Events & Programs,supports_series,Series,SER-0063,SER-0063,FORGE Town Hall,SRC-0092,High,legacy_id,Recurring Series source ID
PR-00550,EDGE-00544,Series,SER-0063,SER-0063,FORGE Town Hall,produced_by,Entity,ENT-0093,ENT-0093,FORGE Foundation,SRC-0092,High,canonical_id,Recurring Series producer/organizer
PR-00551,EDGE-00545,Series,SER-0063,SER-0063,FORGE Town Hall,occurs_at,Place,,,Online / Victorville community,SRC-0092,Medium,literal_place,Recurring Series venue/geography
PR-00552,EDGE-00546,Source,SRC-0096,SRC-0096,3rd Strike Beer Co. Trivia / Events,supports_series,Series,SER-0064,SER-0064,3rd Strike Beer Co. Trivia Night,SRC-0096,High,legacy_id,Recurring Series source ID
PR-00553,EDGE-00547,Series,SER-0064,SER-0064,3rd Strike Beer Co. Trivia Night,produced_by,Entity,,ENT-0224,King Trivia,SRC-0096,Medium,split_resolution,Recurring Series producer/organizer
PR-00554,EDGE-00547,Series,SER-0064,SER-0064,3rd Strike Beer Co. Trivia Night,produced_by,Entity,,ENT-0097,3rd Strike Beer Co.,SRC-0096,Medium,split_resolution,Recurring Series producer/organizer
PR-00555,EDGE-00548,Series,SER-0064,SER-0064,3rd Strike Beer Co. Trivia Night,occurs_at,Place,,,Hesperia,SRC-0096,Medium,literal_place,Recurring Series venue/geography
PR-00556,EDGE-00549,Source,SRC-0097,SRC-0097,VFW Post 2924 Joshua Palms — Karaoke Events,supports_series,Series,SER-0065,SER-0065,VFW Post 2924 Karaoke,SRC-0097,High,legacy_id,Recurring Series source ID
PR-00557,EDGE-00550,Series,SER-0065,SER-0065,VFW Post 2924 Karaoke,produced_by,Entity,ENT-0098,ENT-0098,VFW Post 2924 Joshua Palms,SRC-0097,High,canonical_id,Recurring Series producer/organizer
PR-00558,EDGE-00551,Series,SER-0065,SER-0065,VFW Post 2924 Karaoke,occurs_at,Place,,,Hesperia,SRC-0097,Medium,literal_place,Recurring Series venue/geography
PR-00559,EDGE-00552,Source,SRC-0098,SRC-0098,High Desert Cruise Nights,supports_series,Series,SER-0066,SER-0066,High Desert Cruise Nights,SRC-0098,High,legacy_id,Recurring Series source ID
PR-00560,EDGE-00554,Series,SER-0066,SER-0066,High Desert Cruise Nights,occurs_at,Place,,,"Charleys Cheesesteak and Wings, Hesperia",SRC-0098,Medium,literal_place,Recurring Series venue/geography
PR-00561,EDGE-00555,Source,SRC-0099,SRC-0099,LifeStream City of Hesperia Blood Drives,supports_series,Series,SER-0067,SER-0067,LifeStream Hesperia Blood Drives,SRC-0099,High,legacy_id,Recurring Series source ID
PR-00562,EDGE-00556,Series,SER-0067,SER-0067,LifeStream Hesperia Blood Drives,produced_by,Entity,ENT-0100,ENT-0100,LifeStream Blood Bank,SRC-0099,High,canonical_id,Recurring Series producer/organizer
PR-00563,EDGE-00557,Series,SER-0067,SER-0067,LifeStream Hesperia Blood Drives,occurs_at,Place,,,Multiple Hesperia host venues,SRC-0099,Medium,literal_place,Recurring Series venue/geography
PR-00564,EDGE-00558,Source,SRC-0101,SRC-0101,DAV Chapter 92 — Bill Kinnard,supports_series,Series,SER-0068,SER-0068,DAV Chapter 92 Food Pantry,SRC-0101,High,legacy_id,Recurring Series source ID
PR-00565,EDGE-00559,Series,SER-0068,SER-0068,DAV Chapter 92 Food Pantry,produced_by,Entity,,ENT-0101,DAV Chapter 92,SRC-0101,Medium,entity_resolution_pass,Recurring Series producer/organizer
PR-00566,EDGE-00560,Series,SER-0068,SER-0068,DAV Chapter 92 Food Pantry,occurs_at,Place,,,"High Desert Vet Center, Victorville",SRC-0101,Medium,literal_place,Recurring Series venue/geography
PR-00567,EDGE-00561,Source,SRC-0101,SRC-0101,DAV Chapter 92 — Bill Kinnard,supports_series,Series,SER-0069,SER-0069,DAV Chapter 92 Monthly Meeting,SRC-0101,High,legacy_id,Recurring Series source ID
PR-00568,EDGE-00562,Series,SER-0069,SER-0069,DAV Chapter 92 Monthly Meeting,produced_by,Entity,,ENT-0101,DAV Chapter 92,SRC-0101,Medium,entity_resolution_pass,Recurring Series producer/organizer
PR-00569,EDGE-00563,Series,SER-0069,SER-0069,DAV Chapter 92 Monthly Meeting,occurs_at,Place,,,Victorville,SRC-0101,Medium,literal_place,Recurring Series venue/geography
PR-00570,EDGE-00564,Source,SRC-0102,SRC-0102,High Desert Vet Center,supports_series,Series,SER-0070,SER-0070,High Desert Vet Center GWOT/OIF/OEF Group,SRC-0102,High,legacy_id,Recurring Series source ID
PR-00571,EDGE-00565,Series,SER-0070,SER-0070,High Desert Vet Center GWOT/OIF/OEF Group,produced_by,Entity,ENT-0102,ENT-0102,High Desert Vet Center,SRC-0102,High,canonical_id,Recurring Series producer/organizer
PR-00572,EDGE-00566,Series,SER-0070,SER-0070,High Desert Vet Center GWOT/OIF/OEF Group,occurs_at,Place,,,Victorville,SRC-0102,Medium,literal_place,Recurring Series venue/geography
PR-00573,EDGE-00567,Source,SRC-0103,SRC-0103,Providence St. Mary Support Groups,supports_series,Series,SER-0071,SER-0071,Providence Women's Cancer Awareness Group,SRC-0103,High,legacy_id,Recurring Series source ID
PR-00574,EDGE-00568,Series,SER-0071,SER-0071,Providence Women's Cancer Awareness Group,produced_by,Entity,,ENT-0246,Providence St. Mary Medical Center,SRC-0103,Medium,entity_resolution_pass,Recurring Series producer/organizer
PR-00575,EDGE-00569,Series,SER-0071,SER-0071,Providence Women's Cancer Awareness Group,occurs_at,Place,,,"St. Mary Medical Center, Apple Valley",SRC-0103,Medium,literal_place,Recurring Series venue/geography
PR-00576,EDGE-00570,Source,SRC-0103,SRC-0103,Providence St. Mary Support Groups,supports_series,Series,SER-0072,SER-0072,Providence Diabetes Education & Support,SRC-0103,High,legacy_id,Recurring Series source ID
PR-00577,EDGE-00571,Series,SER-0072,SER-0072,Providence Diabetes Education & Support,produced_by,Entity,,ENT-0246,Providence St. Mary Medical Center,SRC-0103,Medium,entity_resolution_pass,Recurring Series producer/organizer
PR-00578,EDGE-00572,Series,SER-0072,SER-0072,Providence Diabetes Education & Support,occurs_at,Place,,,St. Mary Medical Center / community sites,SRC-0103,Medium,literal_place,Recurring Series venue/geography
PR-00579,EDGE-00573,Source,SRC-0103,SRC-0103,Providence St. Mary Support Groups,supports_series,Series,SER-0073,SER-0073,Providence M.O.M.S. Support Group,SRC-0103,High,legacy_id,Recurring Series source ID
PR-00580,EDGE-00574,Series,SER-0073,SER-0073,Providence M.O.M.S. Support Group,produced_by,Entity,,ENT-0246,Providence St. Mary Medical Center,SRC-0103,Medium,entity_resolution_pass,Recurring Series producer/organizer
PR-00581,EDGE-00575,Series,SER-0073,SER-0073,Providence M.O.M.S. Support Group,occurs_at,Place,,,Apple Valley Community Health Center,SRC-0103,Medium,literal_place,Recurring Series venue/geography
PR-00582,EDGE-00576,Source,SRC-0105,SRC-0105,Rhea Lana's of The High Desert,supports_series,Series,SER-0074,SER-0074,Rhea Lana's High Desert Consignment Events,SRC-0105,High,legacy_id,Recurring Series source ID
PR-00583,EDGE-00577,Series,SER-0074,SER-0074,Rhea Lana's High Desert Consignment Events,produced_by,Entity,ENT-0104,ENT-0104,Rhea Lana's of The High Desert,SRC-0105,High,canonical_id,Recurring Series producer/organizer
PR-00584,EDGE-00578,Series,SER-0074,SER-0074,Rhea Lana's High Desert Consignment Events,occurs_at,Place,,,SBC Fairgrounds / High Desert,SRC-0105,Medium,literal_place,Recurring Series venue/geography
PR-00585,EDGE-00579,Source,SRC-0106,SRC-0106,Gladiator Challenge,supports_series,Series,SER-0075,SER-0075,Gladiator Challenge High Desert Fight Nights,SRC-0106,High,legacy_id,Recurring Series source ID
PR-00586,EDGE-00580,Series,SER-0075,SER-0075,Gladiator Challenge High Desert Fight Nights,produced_by,Entity,ENT-0105,ENT-0105,Gladiator Challenge,SRC-0106,High,canonical_id,Recurring Series producer/organizer
PR-00587,EDGE-00581,Series,SER-0075,SER-0075,Gladiator Challenge High Desert Fight Nights,occurs_at,Place,,,Victorville / Adelanto,SRC-0106,Medium,literal_place,Recurring Series venue/geography
PR-00588,EDGE-00582,Source,SRC-0107,SRC-0107,High Desert Home Shows,supports_series,Series,SER-0076,SER-0076,High Desert Home Shows,SRC-0107,High,legacy_id,Recurring Series source ID
PR-00589,EDGE-00583,Series,SER-0076,SER-0076,High Desert Home Shows,produced_by,Entity,ENT-0106,ENT-0106,High Desert Home Shows,SRC-0107,High,canonical_id,Recurring Series producer/organizer
PR-00590,EDGE-00584,Series,SER-0076,SER-0076,High Desert Home Shows,occurs_at,Place,,,"SBC Fairgrounds, Victorville",SRC-0107,Medium,literal_place,Recurring Series venue/geography
PR-00591,EDGE-00585,Source,SRC-0108,SRC-0108,Crown City Cat Club — CFA Event,supports_series,Series,SER-0077,SER-0077,Crown City Cat Club Show,SRC-0108,High,legacy_id,Recurring Series source ID
PR-00592,EDGE-00586,Series,SER-0077,SER-0077,Crown City Cat Club Show,produced_by,Entity,ENT-0107,ENT-0107,Crown City Cat Club,SRC-0108,High,canonical_id,Recurring Series producer/organizer
PR-00593,EDGE-00587,Series,SER-0077,SER-0077,Crown City Cat Club Show,occurs_at,Place,,,"SBC Fairgrounds, Victorville",SRC-0108,Medium,literal_place,Recurring Series venue/geography
PR-00594,EDGE-00588,Source,SRC-0109,SRC-0109,Bingo Loco — Victorville,supports_series,Series,SER-0078,SER-0078,Bingo Loco Victorville,SRC-0109,High,legacy_id,Recurring Series source ID
PR-00595,EDGE-00589,Series,SER-0078,SER-0078,Bingo Loco Victorville,produced_by,Entity,ENT-0108,ENT-0108,Bingo Loco,SRC-0109,High,canonical_id,Recurring Series producer/organizer
PR-00596,EDGE-00590,Series,SER-0078,SER-0078,Bingo Loco Victorville,occurs_at,Place,,,"SBC Fairgrounds, Victorville",SRC-0109,Medium,literal_place,Recurring Series venue/geography
PR-00597,EDGE-00591,Source,SRC-0111,SRC-0111,Ricky's Bar Entertainment Discovery,supports_series,Series,SER-0079,SER-0079,Ricky's Bar Karaoke,SRC-0111,High,legacy_id,Recurring Series source ID
PR-00598,EDGE-00592,Series,SER-0079,SER-0079,Ricky's Bar Karaoke,produced_by,Entity,ENT-0110,ENT-0110,Ricky's Bar,SRC-0111,High,canonical_id,Recurring Series producer/organizer
PR-00599,EDGE-00593,Series,SER-0079,SER-0079,Ricky's Bar Karaoke,occurs_at,Place,,,Victorville,SRC-0111,Medium,literal_place,Recurring Series venue/geography
PR-00600,EDGE-00594,Source,SRC-0112,SRC-0112,Wheel2Wheel Raceway Events,supports_series,Series,SER-0080,SER-0080,Wheel2Wheel Raceway Season,SRC-0112,High,legacy_id,Recurring Series source ID
PR-00601,EDGE-00595,Series,SER-0080,SER-0080,Wheel2Wheel Raceway Season,produced_by,Entity,ENT-0119,ENT-0119,Wheel2Wheel Raceway,SRC-0112,High,canonical_id,Recurring Series producer/organizer
PR-00602,EDGE-00596,Series,SER-0080,SER-0080,Wheel2Wheel Raceway Season,occurs_at,Place,,,"SBC Fairgrounds, Victorville",SRC-0112,Medium,literal_place,Recurring Series venue/geography
PR-00603,EDGE-00597,Source,SRC-0113,SRC-0113,SoCal Mower Racing 2026 Schedule,supports_series,Series,SER-0081,SER-0081,SoCal Mower Racing — Victorville Rounds,SRC-0113,High,legacy_id,Recurring Series source ID
PR-00604,EDGE-00598,Series,SER-0081,SER-0081,SoCal Mower Racing — Victorville Rounds,produced_by,Entity,ENT-0120,ENT-0120,SoCal Mower Racing,SRC-0113,High,canonical_id,Recurring Series producer/organizer
PR-00605,EDGE-00599,Series,SER-0081,SER-0081,SoCal Mower Racing — Victorville Rounds,occurs_at,Place,,,Wheel2Wheel Raceway / SBC Fairgrounds,SRC-0113,Medium,literal_place,Recurring Series venue/geography
PR-00606,EDGE-00600,Source,SRC-0114,SRC-0114,Fuentez Entertainment — Ticketón Promoter Catalog,supports_series,Series,SER-0082,SER-0082,Fuentez Entertainment — Victorville Fairgrounds Concerts,SRC-0114,High,legacy_id,Recurring Series source ID
PR-00607,EDGE-00601,Series,SER-0082,SER-0082,Fuentez Entertainment — Victorville Fairgrounds Concerts,produced_by,Entity,ENT-0121,ENT-0121,Fuentez Entertainment LLC,SRC-0114,High,canonical_id,Recurring Series producer/organizer
PR-00608,EDGE-00602,Series,SER-0082,SER-0082,Fuentez Entertainment — Victorville Fairgrounds Concerts,occurs_at,Place,,,Victorville Fairgrounds,SRC-0114,Medium,literal_place,Recurring Series venue/geography
PR-00609,EDGE-00603,Source,SRC-0115,SRC-0115,Little Mania Wrestling Tour Calendar,supports_series,Series,SER-0083,SER-0083,Little Mania — Victorville,SRC-0115,High,legacy_id,Recurring Series source ID
PR-00610,EDGE-00604,Series,SER-0083,SER-0083,Little Mania — Victorville,produced_by,Entity,,ENT-0122,Little Mania Wrestling,SRC-0115,Medium,split_resolution,Recurring Series producer/organizer
PR-00611,EDGE-00604,Series,SER-0083,SER-0083,Little Mania — Victorville,produced_by,Entity,,ENT-0121,Fuentez Entertainment LLC,SRC-0115,Medium,split_resolution,Recurring Series producer/organizer
PR-00612,EDGE-00605,Series,SER-0083,SER-0083,Little Mania — Victorville,occurs_at,Place,,,"SBC Fairgrounds, Victorville",SRC-0115,Medium,literal_place,Recurring Series venue/geography
PR-00613,EDGE-00606,Source,SRC-0116,SRC-0116,Frogee's Cocktail Lounge — Bandsintown Venue Feed,supports_series,Series,SER-0084,SER-0084,Frogee's Live Music,SRC-0116,High,legacy_id,Recurring Series source ID
PR-00614,EDGE-00607,Series,SER-0084,SER-0084,Frogee's Live Music,produced_by,Entity,ENT-0111,ENT-0111,Frogee's Cocktail Lounge,SRC-0116,High,canonical_id,Recurring Series producer/organizer
PR-00615,EDGE-00608,Series,SER-0084,SER-0084,Frogee's Live Music,occurs_at,Place,,,Apple Valley,SRC-0116,Medium,literal_place,Recurring Series venue/geography
PR-00616,EDGE-00609,Source,SRC-0117,SRC-0117,Providence St. Mary Stroke Support Group,supports_series,Series,SER-0085,SER-0085,Providence St. Mary Stroke Support Group,SRC-0117,High,legacy_id,Recurring Series source ID
PR-00617,EDGE-00610,Series,SER-0085,SER-0085,Providence St. Mary Stroke Support Group,produced_by,Entity,,ENT-0246,Providence St. Mary Medical Center,SRC-0117,Medium,entity_resolution_pass,Recurring Series producer/organizer
PR-00618,EDGE-00611,Series,SER-0085,SER-0085,Providence St. Mary Stroke Support Group,occurs_at,Place,,,"Providence St. Mary Senior Select Center, Apple Valley",SRC-0117,Medium,literal_place,Recurring Series venue/geography
PR-00619,EDGE-00612,Source,SRC-0118,SRC-0118,El Dorado Broadcasters — Girls Day Out,supports_series,Series,SER-0086,SER-0086,Girls Day Out,SRC-0118,High,legacy_id,Recurring Series source ID
PR-00620,EDGE-00613,Series,SER-0086,SER-0086,Girls Day Out,produced_by,Entity,ENT-0123,ENT-0127,El Dorado Broadcasters,SRC-0118,High,canonical_id,Recurring Series producer/organizer
PR-00621,EDGE-00614,Series,SER-0086,SER-0086,Girls Day Out,occurs_at,Place,,,"SBC Fairgrounds, Victorville",SRC-0118,Medium,literal_place,Recurring Series venue/geography
PR-00622,EDGE-00615,Source,SRC-0119,SRC-0119,Desert Valley Hospital Fall Health Fair,supports_series,Series,SER-0087,SER-0087,Desert Valley Hospital Fall Health Fair,SRC-0119,High,legacy_id,Recurring Series source ID
PR-00623,EDGE-00616,Series,SER-0087,SER-0087,Desert Valley Hospital Fall Health Fair,produced_by,Entity,ENT-0124,ENT-0124,Desert Valley Hospital / Desert Valley Medical Group,SRC-0119,High,canonical_id,Recurring Series producer/organizer
PR-00624,EDGE-00617,Series,SER-0087,SER-0087,Desert Valley Hospital Fall Health Fair,occurs_at,Place,,,Mall of Victor Valley,SRC-0119,Medium,literal_place,Recurring Series venue/geography
PR-00625,EDGE-00618,Source,SRC-0120,SRC-0120,San Bernardino County Fair & Event Center Master Calendar,supports_series,Series,SER-0088,SER-0088,SBC Fair Jolly Holiday Craft Fair,SRC-0120,High,legacy_id,Recurring Series source ID
PR-00626,EDGE-00619,Series,SER-0088,SER-0088,SBC Fair Jolly Holiday Craft Fair,produced_by,Entity,ENT-0125,ENT-0125,San Bernardino County Fair & Event Center,SRC-0120,High,canonical_id,Recurring Series producer/organizer
PR-00627,EDGE-00620,Series,SER-0088,SER-0088,SBC Fair Jolly Holiday Craft Fair,occurs_at,Place,,,"SBC Fairgrounds, Victorville",SRC-0120,Medium,literal_place,Recurring Series venue/geography
PR-00628,EDGE-00621,Source,SRC-0120,SRC-0120,San Bernardino County Fair & Event Center Master Calendar,supports_series,Series,SER-0089,SER-0089,SBC Fair Made with Love Craft Fair,SRC-0120,High,legacy_id,Recurring Series source ID
PR-00629,EDGE-00622,Series,SER-0089,SER-0089,SBC Fair Made with Love Craft Fair,produced_by,Entity,ENT-0125,ENT-0125,San Bernardino County Fair & Event Center,SRC-0120,High,canonical_id,Recurring Series producer/organizer
PR-00630,EDGE-00623,Series,SER-0089,SER-0089,SBC Fair Made with Love Craft Fair,occurs_at,Place,,,"SBC Fairgrounds, Victorville",SRC-0120,Medium,literal_place,Recurring Series venue/geography
PR-00631,EDGE-00624,Source,SRC-0121,SRC-0121,Hesperia Wranglers,supports_series,Series,SER-0090,SER-0090,Hesperia Wranglers Monthly Shows,SRC-0121,High,legacy_id,Recurring Series source ID
PR-00632,EDGE-00625,Series,SER-0090,SER-0090,Hesperia Wranglers Monthly Shows,produced_by,Entity,ENT-0126,ENT-0126,Hesperia Wranglers,SRC-0121,High,canonical_id,Recurring Series producer/organizer
PR-00633,EDGE-00626,Series,SER-0090,SER-0090,Hesperia Wranglers Monthly Shows,occurs_at,Place,,,Val Shearer Equestrian Center / Hesperia Lake,SRC-0121,Medium,literal_place,Recurring Series venue/geography
PR-00634,EDGE-00627,Source,SRC-0121,SRC-0121,Hesperia Wranglers,supports_series,Series,SER-0091,SER-0091,Hesperia Wranglers Monthly Meeting,SRC-0121,High,legacy_id,Recurring Series source ID
PR-00635,EDGE-00628,Series,SER-0091,SER-0091,Hesperia Wranglers Monthly Meeting,produced_by,Entity,ENT-0126,ENT-0126,Hesperia Wranglers,SRC-0121,High,canonical_id,Recurring Series producer/organizer
PR-00636,EDGE-00629,Series,SER-0091,SER-0091,Hesperia Wranglers Monthly Meeting,occurs_at,Place,,,Hesperia,SRC-0121,Medium,literal_place,Recurring Series venue/geography
PR-00637,EDGE-00630,Source,SRC-0121,SRC-0121,Hesperia Wranglers,supports_series,Series,SER-0092,SER-0092,High Desert Rodeo,SRC-0121,High,legacy_id,Recurring Series source ID
PR-00638,EDGE-00631,Series,SER-0092,SER-0092,High Desert Rodeo,produced_by,Entity,,ENT-0126,Hesperia Wranglers,SRC-0121,Medium,split_resolution,Recurring Series producer/organizer
PR-00639,EDGE-00631,Series,SER-0092,SER-0092,High Desert Rodeo,produced_by,Entity,,ENT-0131,Double F Cattle Co.,SRC-0121,Medium,split_resolution,Recurring Series producer/organizer
PR-00640,EDGE-00632,Series,SER-0092,SER-0092,High Desert Rodeo,occurs_at,Place,,,"SBC Fairgrounds, Victorville",SRC-0121,Medium,literal_place,Recurring Series venue/geography
PR-00641,EDGE-00633,Source,SRC-0122,SRC-0122,El Dorado Broadcasters Events & Promotions,supports_series,Series,SER-0093,SER-0093,El Dorado Broadcasters Trunk or Treat,SRC-0122,High,legacy_id,Recurring Series source ID
PR-00642,EDGE-00634,Series,SER-0093,SER-0093,El Dorado Broadcasters Trunk or Treat,produced_by,Entity,ENT-0123,ENT-0127,El Dorado Broadcasters,SRC-0122,High,canonical_id,Recurring Series producer/organizer
PR-00643,EDGE-00635,Series,SER-0093,SER-0093,El Dorado Broadcasters Trunk or Treat,occurs_at,Place,,,"SBC Fairgrounds, Victorville",SRC-0122,Medium,literal_place,Recurring Series venue/geography
PR-00644,EDGE-00636,Source,SRC-0122,SRC-0122,El Dorado Broadcasters Events & Promotions,supports_series,Series,SER-0094,SER-0094,El Dorado Broadcasters Women's/Girls Day Out,SRC-0122,High,legacy_id,Recurring Series source ID
PR-00645,EDGE-00637,Series,SER-0094,SER-0094,El Dorado Broadcasters Women's/Girls Day Out,produced_by,Entity,ENT-0123,ENT-0127,El Dorado Broadcasters,SRC-0122,High,canonical_id,Recurring Series producer/organizer
PR-00646,EDGE-00638,Series,SER-0094,SER-0094,El Dorado Broadcasters Women's/Girls Day Out,occurs_at,Place,,,SBC Fairgrounds / High Desert,SRC-0122,Medium,literal_place,Recurring Series venue/geography
PR-00647,EDGE-00639,Source,SRC-0123,SRC-0123,Kiwanis Club of Victorville,supports_series,Series,SER-0095,SER-0095,Kiwanis Dream Big 5K,SRC-0123,High,legacy_id,Recurring Series source ID
PR-00648,EDGE-00640,Series,SER-0095,SER-0095,Kiwanis Dream Big 5K,produced_by,Entity,ENT-0128,ENT-0128,Kiwanis Club of Victorville,SRC-0123,High,canonical_id,Recurring Series producer/organizer
PR-00649,EDGE-00641,Series,SER-0095,SER-0095,Kiwanis Dream Big 5K,occurs_at,Entity,ENT-0012,ENT-0012,Victor Valley College,SRC-0123,High,canonical_id,Recurring Series venue/geography
PR-00650,EDGE-00642,Source,SRC-0123,SRC-0123,Kiwanis Club of Victorville,supports_series,Series,SER-0096,SER-0096,Kiwanis Children's Christmas Parade,SRC-0123,High,legacy_id,Recurring Series source ID
PR-00651,EDGE-00643,Series,SER-0096,SER-0096,Kiwanis Children's Christmas Parade,produced_by,Entity,ENT-0128,ENT-0128,Kiwanis Club of Victorville,SRC-0123,High,canonical_id,Recurring Series producer/organizer
PR-00652,EDGE-00644,Series,SER-0096,SER-0096,Kiwanis Children's Christmas Parade,occurs_at,Place,,,Route 66 / Victorville,SRC-0123,Medium,literal_place,Recurring Series venue/geography
PR-00653,EDGE-00645,Source,SRC-0124,SRC-0124,Providence St. Mary Medical Center Foundation Events,supports_series,Series,SER-0097,SER-0097,Providence St. Mary Foundation Celebration,SRC-0124,High,legacy_id,Recurring Series source ID
PR-00654,EDGE-00646,Series,SER-0097,SER-0097,Providence St. Mary Foundation Celebration,produced_by,Entity,ENT-0129,ENT-0129,Providence St. Mary Medical Center Foundation,SRC-0124,High,canonical_id,Recurring Series producer/organizer
PR-00655,EDGE-00647,Series,SER-0097,SER-0097,Providence St. Mary Foundation Celebration,occurs_at,Place,,,Victor Valley College Stadium & Educational Event Center,SRC-0124,Medium,literal_place,Recurring Series venue/geography
PR-00656,EDGE-00648,Source,SRC-0125,SRC-0125,Desert Valley Hospital & Medical Group Community Outreach,supports_series,Series,SER-0098,SER-0098,Desert Valley Heart Strong,SRC-0125,High,legacy_id,Recurring Series source ID
PR-00657,EDGE-00649,Series,SER-0098,SER-0098,Desert Valley Heart Strong,produced_by,Entity,,ENT-0124,Desert Valley Hospital & Medical Group,SRC-0125,Medium,entity_resolution_pass,Recurring Series producer/organizer
PR-00658,EDGE-00650,Series,SER-0098,SER-0098,Desert Valley Heart Strong,occurs_at,Place,,,Mall of Victor Valley,SRC-0125,Medium,literal_place,Recurring Series venue/geography
PR-00659,EDGE-00651,Source,SRC-0128,SRC-0128,San Bernardino County Department of Behavioral Health Events,supports_series,Series,SER-0100,SER-0100,DBH QPR Trainings — High Desert,SRC-0128,High,legacy_id,Recurring Series source ID
PR-00660,EDGE-00652,Series,SER-0100,SER-0100,DBH QPR Trainings — High Desert,produced_by,Entity,ENT-0132,ENT-0132,San Bernardino County Department of Behavioral Health,SRC-0128,High,canonical_id,Recurring Series producer/organizer
PR-00661,EDGE-00653,Series,SER-0100,SER-0100,DBH QPR Trainings — High Desert,occurs_at,Place,,,Apple Valley / countywide,SRC-0128,Medium,literal_place,Recurring Series venue/geography
PR-00662,EDGE-00654,Source,SRC-0128,SRC-0128,San Bernardino County Department of Behavioral Health Events,supports_series,Series,SER-0101,SER-0101,Behavioral Health Commission — First District Access,SRC-0128,High,legacy_id,Recurring Series source ID
PR-00663,EDGE-00655,Series,SER-0101,SER-0101,Behavioral Health Commission — First District Access,produced_by,Entity,ENT-0132,ENT-0132,San Bernardino County Department of Behavioral Health,SRC-0128,High,canonical_id,Recurring Series producer/organizer
PR-00664,EDGE-00656,Series,SER-0101,SER-0101,Behavioral Health Commission — First District Access,occurs_at,Place,,,Apple Valley Clinic satellite,SRC-0128,Medium,literal_place,Recurring Series venue/geography
PR-00665,EDGE-00657,Source,SRC-0128,SRC-0128,San Bernardino County Department of Behavioral Health Events,supports_series,Series,SER-0102,SER-0102,DBH High Desert safeTALK Trainings,SRC-0128,High,legacy_id,Recurring Series source ID
PR-00666,EDGE-00658,Series,SER-0102,SER-0102,DBH High Desert safeTALK Trainings,produced_by,Entity,ENT-0132,ENT-0132,San Bernardino County Department of Behavioral Health,SRC-0128,High,canonical_id,Recurring Series producer/organizer
PR-00667,EDGE-00659,Series,SER-0102,SER-0102,DBH High Desert safeTALK Trainings,occurs_at,Place,,,Hesperia / High Desert,SRC-0128,Medium,literal_place,Recurring Series venue/geography
PR-00668,EDGE-00660,Source,SRC-0129,SRC-0129,San Bernardino County Department of Public Health Events,supports_series,Series,SER-0103,SER-0103,School-Located Vaccine Events — High Desert,SRC-0129,High,legacy_id,Recurring Series source ID
PR-00669,EDGE-00661,Series,SER-0103,SER-0103,School-Located Vaccine Events — High Desert,produced_by,Entity,ENT-0134,ENT-0134,San Bernardino County Department of Public Health,SRC-0129,High,canonical_id,Recurring Series producer/organizer
PR-00670,EDGE-00662,Series,SER-0103,SER-0103,School-Located Vaccine Events — High Desert,occurs_at,Place,,,Adelanto / Barstow / other schools,SRC-0129,Medium,literal_place,Recurring Series venue/geography
PR-00671,EDGE-00663,Source,SRC-0130,SRC-0130,San Bernardino County Airports Events,supports_series,Series,SER-0104,SER-0104,Apple Valley Airshow,SRC-0130,High,legacy_id,Recurring Series source ID
PR-00672,EDGE-00664,Series,SER-0104,SER-0104,Apple Valley Airshow,produced_by,Entity,,ENT-0135,San Bernardino County Airports,SRC-0130,Medium,split_resolution,Recurring Series producer/organizer
PR-00673,EDGE-00664,Series,SER-0104,SER-0104,Apple Valley Airshow,produced_by,Entity,,ENT-0136,Apple Valley Airport,SRC-0130,Medium,split_resolution,Recurring Series producer/organizer
PR-00674,EDGE-00665,Series,SER-0104,SER-0104,Apple Valley Airshow,occurs_at,Entity,ENT-0136,ENT-0136,Apple Valley Airport,SRC-0130,High,canonical_id,Recurring Series venue/geography
PR-00675,EDGE-00666,Source,SRC-0131,SRC-0131,San Bernardino County Land Use Services Community Cleanups,supports_series,Series,SER-0105,SER-0105,Land Use Services High Desert Community Cleanups,SRC-0131,High,legacy_id,Recurring Series source ID
PR-00676,EDGE-00667,Series,SER-0105,SER-0105,Land Use Services High Desert Community Cleanups,produced_by,Entity,ENT-0137,ENT-0137,San Bernardino County Land Use Services,SRC-0131,High,canonical_id,Recurring Series producer/organizer
PR-00677,EDGE-00668,Series,SER-0105,SER-0105,Land Use Services High Desert Community Cleanups,occurs_at,Place,,,Oak Hills / Phelan / unincorporated communities,SRC-0131,Medium,literal_place,Recurring Series venue/geography
PR-00678,EDGE-00669,Source,SRC-0127,SRC-0127,San Bernardino County 'Things to Do' Roundup,supports_series,Series,SER-0106,SER-0106,"County Library Read, Write & Cruise Car Show",SRC-0127,High,legacy_id,Recurring Series source ID
PR-00679,EDGE-00670,Series,SER-0106,SER-0106,"County Library Read, Write & Cruise Car Show",produced_by,Entity,,ENT-0250,San Bernardino County Library,SRC-0127,Medium,entity_resolution_pass,Recurring Series producer/organizer
PR-00680,EDGE-00671,Series,SER-0106,SER-0106,"County Library Read, Write & Cruise Car Show",occurs_at,Entity,ENT-0008,ENT-0008,Hesperia Branch Library,SRC-0127,High,canonical_id,Recurring Series venue/geography
PR-00681,EDGE-00672,Source,SRC-0127,SRC-0127,San Bernardino County 'Things to Do' Roundup,supports_series,Series,SER-0107,SER-0107,San Bernardino County Library Traveling Family Events — High Desert,SRC-0127,High,legacy_id,Recurring Series source ID
PR-00682,EDGE-00673,Series,SER-0107,SER-0107,San Bernardino County Library Traveling Family Events — High Desert,produced_by,Entity,,ENT-0250,San Bernardino County Library,SRC-0127,Medium,entity_resolution_pass,Recurring Series producer/organizer
PR-00683,EDGE-00674,Series,SER-0107,SER-0107,San Bernardino County Library Traveling Family Events — High Desert,occurs_at,Place,,,Apple Valley / Adelanto / Hesperia / Barstow branches,SRC-0127,Medium,literal_place,Recurring Series venue/geography
PR-00684,EDGE-00675,Source,SRC-0132,SRC-0132,San Bernardino County First District Events Calendar,supports_series,Series,SER-0108,SER-0108,National Night Out — High Desert,SRC-0132,High,legacy_id,Recurring Series source ID
PR-00685,EDGE-00677,Series,SER-0108,SER-0108,National Night Out — High Desert,occurs_at,Place,,,Apple Valley / Hesperia / Barstow,SRC-0132,Medium,literal_place,Recurring Series venue/geography
PR-00686,EDGE-00678,Source,SRC-0135,SRC-0135,San Bernardino County Animal Care Events,supports_series,Series,SER-0109,SER-0109,Animal Care High Desert Mobile/TNVR Events,SRC-0135,High,legacy_id,Recurring Series source ID
PR-00687,EDGE-00679,Series,SER-0109,SER-0109,Animal Care High Desert Mobile/TNVR Events,produced_by,Entity,ENT-0139,ENT-0139,San Bernardino County Animal Care,SRC-0135,High,canonical_id,Recurring Series producer/organizer
PR-00688,EDGE-00680,Series,SER-0109,SER-0109,Animal Care High Desert Mobile/TNVR Events,occurs_at,Place,,,Lucerne Valley / Victorville / Apple Valley / other eligible areas,SRC-0135,Medium,literal_place,Recurring Series venue/geography
PR-00689,EDGE-00681,Source,SRC-0136,SRC-0136,San Bernardino County Human Resources Events,supports_series,Series,SER-0110,SER-0110,County HR High Desert Hiring Events,SRC-0136,High,legacy_id,Recurring Series source ID
PR-00690,EDGE-00682,Series,SER-0110,SER-0110,County HR High Desert Hiring Events,produced_by,Entity,ENT-0140,ENT-0140,San Bernardino County Human Resources,SRC-0136,High,canonical_id,Recurring Series producer/organizer
PR-00691,EDGE-00683,Series,SER-0110,SER-0110,County HR High Desert Hiring Events,occurs_at,Place,,,Victorville / Barstow / rotating,SRC-0136,Medium,literal_place,Recurring Series venue/geography
PR-00692,EDGE-00684,Source,SRC-0137,SRC-0137,San Bernardino County Sheriff's Jobs Events,supports_series,Series,SER-0111,SER-0111,Sheriff Recruiting / Hiring Events — High Desert,SRC-0137,High,legacy_id,Recurring Series source ID
PR-00693,EDGE-00685,Series,SER-0111,SER-0111,Sheriff Recruiting / Hiring Events — High Desert,produced_by,Entity,,ENT-0254,San Bernardino County Sheriff's Department,SRC-0137,Medium,entity_resolution_pass,Recurring Series producer/organizer
PR-00694,EDGE-00686,Series,SER-0111,SER-0111,Sheriff Recruiting / Hiring Events — High Desert,occurs_at,Place,,,Victorville / High Desert,SRC-0137,Medium,literal_place,Recurring Series venue/geography
PR-00695,EDGE-00687,Source,SRC-0138,SRC-0138,San Bernardino County Child Support Services Events,supports_series,Series,SER-0112,SER-0112,Child Support Community Outreach — High Desert,SRC-0138,High,legacy_id,Recurring Series source ID
PR-00696,EDGE-00688,Series,SER-0112,SER-0112,Child Support Community Outreach — High Desert,produced_by,Entity,ENT-0142,ENT-0142,San Bernardino County Child Support Services,SRC-0138,High,canonical_id,Recurring Series producer/organizer
PR-00697,EDGE-00689,Series,SER-0112,SER-0112,Child Support Community Outreach — High Desert,occurs_at,Place,,,Victorville / rotating,SRC-0138,Medium,literal_place,Recurring Series venue/geography
PR-00698,EDGE-00690,Source,SRC-0139,SRC-0139,San Bernardino County Children and Family Services Community Events,supports_series,Series,SER-0113,SER-0113,CFS Back-to-School Resource Events — High Desert,SRC-0139,High,legacy_id,Recurring Series source ID
PR-00699,EDGE-00691,Series,SER-0113,SER-0113,CFS Back-to-School Resource Events — High Desert,produced_by,Entity,ENT-0143,ENT-0143,San Bernardino County Children and Family Services,SRC-0139,High,canonical_id,Recurring Series producer/organizer
PR-00700,EDGE-00692,Series,SER-0113,SER-0113,CFS Back-to-School Resource Events — High Desert,occurs_at,Place,,,Victorville / rotating,SRC-0139,Medium,literal_place,Recurring Series venue/geography
PR-00701,EDGE-00693,Source,SRC-0140,SRC-0140,San Bernardino County District Attorney Community Events,supports_series,Series,SER-0114,SER-0114,National Crime Victims' Rights Week — High Desert Memorial,SRC-0140,High,legacy_id,Recurring Series source ID
PR-00702,EDGE-00694,Series,SER-0114,SER-0114,National Crime Victims' Rights Week — High Desert Memorial,produced_by,Entity,ENT-0144,ENT-0144,San Bernardino County District Attorney,SRC-0140,High,canonical_id,Recurring Series producer/organizer
PR-00703,EDGE-00695,Series,SER-0114,SER-0114,National Crime Victims' Rights Week — High Desert Memorial,occurs_at,Entity,ENT-0016,ENT-0016,Victor Valley College Performing Arts Center,SRC-0140,High,canonical_id,Recurring Series venue/geography
PR-00704,EDGE-00696,Source,SRC-0141,SRC-0141,San Bernardino County Economic Development Agency Events,supports_series,Series,SER-0115,SER-0115,Economic Development Entrepreneur Training — Apple Valley,SRC-0141,High,legacy_id,Recurring Series source ID
PR-00705,EDGE-00697,Series,SER-0115,SER-0115,Economic Development Entrepreneur Training — Apple Valley,produced_by,Entity,ENT-0145,ENT-0145,San Bernardino County Economic Development Agency,SRC-0141,High,canonical_id,Recurring Series producer/organizer
PR-00706,EDGE-00698,Series,SER-0115,SER-0115,Economic Development Entrepreneur Training — Apple Valley,occurs_at,Place,,,Apple Valley / online-hybrid,SRC-0141,Medium,literal_place,Recurring Series venue/geography
PR-00707,EDGE-00699,Source,SRC-0142,SRC-0142,San Bernardino County Fire Events,supports_series,Series,SER-0116,SER-0116,SBC Fire High Desert HHW / Oil Filter Events,SRC-0142,High,legacy_id,Recurring Series source ID
PR-00708,EDGE-00700,Series,SER-0116,SER-0116,SBC Fire High Desert HHW / Oil Filter Events,produced_by,Entity,ENT-0146,ENT-0146,San Bernardino County Fire Protection District,SRC-0142,High,canonical_id,Recurring Series producer/organizer
PR-00709,EDGE-00701,Series,SER-0116,SER-0116,SBC Fire High Desert HHW / Oil Filter Events,occurs_at,Place,,,Hesperia / Wrightwood / Needles / rotating,SRC-0142,Medium,literal_place,Recurring Series venue/geography
PR-00710,EDGE-00702,Source,SRC-0143,SRC-0143,San Bernardino County Transitional Assistance Department Events,supports_series,Series,SER-0117,SER-0117,TAD High Desert Outreach Events,SRC-0143,High,legacy_id,Recurring Series source ID
PR-00711,EDGE-00703,Series,SER-0117,SER-0117,TAD High Desert Outreach Events,produced_by,Entity,ENT-0147,ENT-0147,San Bernardino County Transitional Assistance Department,SRC-0143,High,canonical_id,Recurring Series producer/organizer
PR-00712,EDGE-00704,Series,SER-0117,SER-0117,TAD High Desert Outreach Events,occurs_at,Place,,,Victorville / Apple Valley / Barstow / rotating,SRC-0143,Medium,literal_place,Recurring Series venue/geography
PR-00713,EDGE-00705,Source,SRC-0144,SRC-0144,First 5 San Bernardino Events & Community Engagement,supports_series,Series,SER-0118,SER-0118,First 5 Kid Safe Summer / Family Engagement Events,SRC-0144,High,legacy_id,Recurring Series source ID
PR-00714,EDGE-00706,Series,SER-0118,SER-0118,First 5 Kid Safe Summer / Family Engagement Events,produced_by,Entity,ENT-0148,ENT-0148,First 5 San Bernardino,SRC-0144,High,canonical_id,Recurring Series producer/organizer
PR-00715,EDGE-00707,Series,SER-0118,SER-0118,First 5 Kid Safe Summer / Family Engagement Events,occurs_at,Place,,,Countywide / High Desert as scheduled,SRC-0144,Medium,literal_place,Recurring Series venue/geography
PR-00716,EDGE-00708,Source,SRC-0145,SRC-0145,San Bernardino County Veterans Affairs,supports_series,Series,SER-0119,SER-0119,Veterans Benefits Assistance — Barstow,SRC-0145,High,legacy_id,Recurring Series source ID
PR-00717,EDGE-00709,Series,SER-0119,SER-0119,Veterans Benefits Assistance — Barstow,produced_by,Entity,,ENT-0149,San Bernardino County Veterans Affairs,SRC-0145,Medium,split_resolution,Recurring Series producer/organizer
PR-00718,EDGE-00709,Series,SER-0119,SER-0119,Veterans Benefits Assistance — Barstow,produced_by,Entity,,ENT-0150,San Bernardino County Aging and Adult Services – Public Guardian,SRC-0145,Medium,split_resolution,Recurring Series producer/organizer
PR-00719,EDGE-00710,Series,SER-0119,SER-0119,Veterans Benefits Assistance — Barstow,occurs_at,Place,,,DAAS-PG Barstow,SRC-0145,Medium,literal_place,Recurring Series venue/geography
PR-00720,EDGE-00711,Source,SRC-0145,SRC-0145,San Bernardino County Veterans Affairs,supports_series,Series,SER-0120,SER-0120,Veterans Benefits Assistance — Joshua Tree,SRC-0145,High,legacy_id,Recurring Series source ID
PR-00721,EDGE-00712,Series,SER-0120,SER-0120,Veterans Benefits Assistance — Joshua Tree,produced_by,Entity,ENT-0149,ENT-0149,San Bernardino County Veterans Affairs,SRC-0145,High,canonical_id,Recurring Series producer/organizer
PR-00722,EDGE-00713,Series,SER-0120,SER-0120,Veterans Benefits Assistance — Joshua Tree,occurs_at,Place,,,Joshua Tree Government Center,SRC-0145,Medium,literal_place,Recurring Series venue/geography
PR-00723,EDGE-00714,Source,SRC-0147,SRC-0147,San Bernardino County Third District Events & Community Calendar,supports_series,Series,SER-0121,SER-0121,Third District Barstow On-The-Go Health Clinic,SRC-0147,High,legacy_id,Recurring Series source ID
PR-00724,EDGE-00715,Series,SER-0121,SER-0121,Third District Barstow On-The-Go Health Clinic,produced_by,Entity,,ENT-0229,San Bernardino County,SRC-0147,Medium,split_resolution,Recurring Series producer/organizer
PR-00725,EDGE-00715,Series,SER-0121,SER-0121,Third District Barstow On-The-Go Health Clinic,produced_by,Entity,,ENT-0230,On-The-Go Health,SRC-0147,Medium,split_resolution,Recurring Series producer/organizer
PR-00726,EDGE-00716,Series,SER-0121,SER-0121,Third District Barstow On-The-Go Health Clinic,occurs_at,Place,,,Barstow Branch Library,SRC-0147,Medium,literal_place,Recurring Series venue/geography
PR-00727,EDGE-00717,Source,SRC-0147,SRC-0147,San Bernardino County Third District Events & Community Calendar,supports_series,Series,SER-0122,SER-0122,Third District Barstow Hiring Events,SRC-0147,High,legacy_id,Recurring Series source ID
PR-00728,EDGE-00718,Series,SER-0122,SER-0122,Third District Barstow Hiring Events,produced_by,Entity,,ENT-0151,San Bernardino County Third District Supervisor,SRC-0147,Medium,split_resolution,Recurring Series producer/organizer
PR-00729,EDGE-00718,Series,SER-0122,SER-0122,Third District Barstow Hiring Events,produced_by,Entity,,ENT-0073,San Bernardino County Workforce Development Board,SRC-0147,Medium,split_resolution,Recurring Series producer/organizer
PR-00730,EDGE-00719,Series,SER-0122,SER-0122,Third District Barstow Hiring Events,occurs_at,Place,,,Barstow,SRC-0147,Medium,literal_place,Recurring Series venue/geography
PR-00731,EDGE-00720,Series,SER-0123,SER-0123,OHS Care Act & Collaborative Resource Fair — Victorville,produced_by,Entity,,ENT-0152,San Bernardino County Office of Homeless Services,SRC-0148,Medium,canonical_id,Recurring Series producer/organizer
PR-00732,EDGE-00721,Series,SER-0123,SER-0123,OHS Care Act & Collaborative Resource Fair — Victorville,occurs_at,Place,,,Victorville,SRC-0148,Medium,literal_place,Recurring Series venue/geography
PR-00733,EDGE-00722,Source,SRC-0149,SRC-0149,San Bernardino County Children's Network Events,supports_series,Series,SER-0124,SER-0124,Children's Network High Desert Fatherhood Breakfast,SRC-0149,High,legacy_id,Recurring Series source ID
PR-00734,EDGE-00723,Series,SER-0124,SER-0124,Children's Network High Desert Fatherhood Breakfast,produced_by,Entity,,ENT-0153,San Bernardino County Children's Network,SRC-0149,Medium,split_resolution,Recurring Series producer/organizer
PR-00735,EDGE-00723,Series,SER-0124,SER-0124,Children's Network High Desert Fatherhood Breakfast,produced_by,Entity,,ENT-0143,San Bernardino County Children and Family Services,SRC-0149,Medium,split_resolution,Recurring Series producer/organizer
PR-00736,EDGE-00724,Series,SER-0124,SER-0124,Children's Network High Desert Fatherhood Breakfast,occurs_at,Place,,,"High Desert Church, Victorville",SRC-0149,Medium,literal_place,Recurring Series venue/geography
PR-00737,EDGE-00725,Source,SRC-0150,SRC-0150,San Bernardino County Homeless Partnership Events,supports_series,Series,SER-0125,SER-0125,High Desert Regional Steering Committee,SRC-0150,High,legacy_id,Recurring Series source ID
PR-00738,EDGE-00726,Series,SER-0125,SER-0125,High Desert Regional Steering Committee,produced_by,Entity,ENT-0154,ENT-0154,San Bernardino County Homeless Partnership,SRC-0150,High,canonical_id,Recurring Series producer/organizer
PR-00739,EDGE-00727,Series,SER-0125,SER-0125,High Desert Regional Steering Committee,occurs_at,Place,,,Victorville / Adelanto / rotating High Desert venues,SRC-0150,Medium,literal_place,Recurring Series venue/geography
PR-00740,EDGE-00728,Source,SRC-0151,SRC-0151,San Bernardino County Public Works Solid Waste Events,supports_series,Series,SER-0126,SER-0126,Public Works SWAT / Solid Waste Advisory Meetings,SRC-0151,High,legacy_id,Recurring Series source ID
PR-00741,EDGE-00729,Series,SER-0126,SER-0126,Public Works SWAT / Solid Waste Advisory Meetings,produced_by,Entity,ENT-0155,ENT-0155,San Bernardino County Public Works — Solid Waste Management,SRC-0151,High,canonical_id,Recurring Series producer/organizer
PR-00742,EDGE-00730,Series,SER-0126,SER-0126,Public Works SWAT / Solid Waste Advisory Meetings,occurs_at,Place,,,San Bernardino / rotating,SRC-0151,Medium,literal_place,Recurring Series venue/geography
PR-00743,EDGE-00731,Entity,ENT-0126,ENT-0126,Hesperia Wranglers,partners_with,Entity,ENT-0131,ENT-0131,Double F Cattle Co.,SRC-0121,High,canonical_id,High Desert Rodeo partnership
PR-00744,EDGE-00732,Entity,ENT-0149,ENT-0149,San Bernardino County Veterans Affairs,partners_with,Entity,ENT-0150,ENT-0150,San Bernardino County Aging and Adult Services – Public Guardian,SRC-0145,High,canonical_id,Barstow recurring benefits assistance
PR-00745,EDGE-00733,Entity,ENT-0152,ENT-0152,San Bernardino County Office of Homeless Services,participates_in,Series,SER-0123,SER-0123,OHS Care Act & Collaborative Resource Fair — Victorville,SRC-0148,High,legacy_id,OHS program surfaced via TAD
PR-00746,EDGE-00734,Entity,ENT-0147,ENT-0147,San Bernardino County Transitional Assistance Department,participates_in,Series,SER-0123,SER-0123,OHS Care Act & Collaborative Resource Fair — Victorville,SRC-0143,High,legacy_id,TAD participates and provides discovery record
PR-00747,EDGE-00735,Entity,ENT-0154,ENT-0154,San Bernardino County Homeless Partnership,organizes,Series,SER-0125,SER-0125,High Desert Regional Steering Committee,SRC-0150,High,legacy_id,Recurring regional planning meetings
PR-00748,EDGE-00736,Entity,ENT-0138,ENT-0138,San Bernardino County First District Supervisor,aggregates,Source,SRC-0132,SRC-0132,San Bernardino County First District Events Calendar,SRC-0132,High,legacy_id,District calendar aggregates upstream local/county sources
PR-00749,EDGE-00738,Source,SRC-0152,SRC-0152,City of Adelanto Granicus Meetings,published_by,Entity,ENT-0156,ENT-0156,City of Adelanto,SRC-0152,High,canonical_id,First-party/organizer source relationship
PR-00750,EDGE-00739,Source,SRC-0153,SRC-0153,Adelanto Elementary School District Calendars & Events,published_by,Entity,ENT-0157,ENT-0157,Adelanto Elementary School District,SRC-0153,High,canonical_id,First-party/organizer source relationship
PR-00751,EDGE-00740,Source,SRC-0154,SRC-0154,We Love Adelanto Community Calendar,published_by,Entity,ENT-0158,ENT-0158,We Love Adelanto,SRC-0154,High,canonical_id,First-party/organizer source relationship
PR-00752,EDGE-00741,Source,SRC-0155,SRC-0155,I Am Love Events,published_by,Entity,ENT-0159,ENT-0159,I Am Love,SRC-0155,High,canonical_id,First-party/organizer source relationship
PR-00753,EDGE-00742,Source,SRC-0156,SRC-0156,Adelanto Bilingual Seventh-day Adventist Church Events,published_by,Entity,ENT-0161,ENT-0161,Adelanto Bilingual Seventh-day Adventist Church,SRC-0156,High,canonical_id,First-party/organizer source relationship
PR-00754,EDGE-00743,Source,SRC-0157,SRC-0157,Adelanto Little League,published_by,Entity,ENT-0162,ENT-0162,Adelanto Little League,SRC-0157,High,canonical_id,First-party/organizer source relationship
PR-00755,EDGE-00744,Source,SRC-0159,SRC-0159,BMB Entertainment Events,published_by,Entity,ENT-0165,ENT-0165,BMB Entertainment / Busco Mi Banda,SRC-0159,High,canonical_id,First-party/organizer source relationship
PR-00756,EDGE-00745,Source,SRC-0160,SRC-0160,SKYS Presents — Adelanto Events,published_by,Entity,ENT-0166,ENT-0166,SKYS PRESENTS,SRC-0160,High,canonical_id,First-party/organizer source relationship
PR-00757,EDGE-00746,Source,SRC-0161,SRC-0161,OC Truck Events — Adelanto / Trokalandia,published_by,Entity,ENT-0167,ENT-0167,OC TRUCK EVENTS,SRC-0161,High,canonical_id,First-party/organizer source relationship
PR-00758,EDGE-00747,Source,SRC-0162,SRC-0162,Kushstock Festival,published_by,Entity,ENT-0168,ENT-0168,Kushstock Festival,SRC-0162,High,canonical_id,First-party/organizer source relationship
PR-00759,EDGE-00748,Entity,ENT-0160,ENT-0160,I Am Love Resource Center — Adelanto,part_of,Entity,ENT-0159,ENT-0159,I Am Love,SRC-0155,High,canonical_id,Adelanto resource-center location
PR-00760,EDGE-00749,Entity,ENT-0163,ENT-0163,Adelanto Senior Center,partners_with,Entity,ENT-0164,ENT-0164,Molding Hearts Foundation,SRC-0158,High,canonical_id,Molding Hearts operates/supports senior programming with City
PR-00761,EDGE-00750,Entity,ENT-0163,ENT-0163,Adelanto Senior Center,part_of,Entity,ENT-0156,ENT-0156,City of Adelanto,SRC-0158,High,canonical_id,City facility/community partnership
PR-00762,EDGE-00751,Entity,ENT-0169,ENT-0169,Adelanto Health Center,part_of,Entity,ENT-0134,ENT-0134,San Bernardino County Department of Public Health,SRC-0129,High,canonical_id,County DPH clinic
PR-00763,EDGE-00752,Entity,ENT-0165,ENT-0165,BMB Entertainment / Busco Mi Banda,produces,Series,SER-0134,SER-0134,Westcoast Lowrider Super Show,SRC-0159,High,legacy_id,Promoter-to-event relationship
PR-00764,EDGE-00753,Entity,ENT-0166,ENT-0166,SKYS PRESENTS,produces,Series,SER-0137,SER-0137,Rutiando con Los Farmerz,SRC-0160,High,legacy_id,Promoter-to-event relationship
PR-00765,EDGE-00754,Entity,ENT-0167,ENT-0167,OC TRUCK EVENTS,produces,Series,SER-0136,SER-0136,Trokalandia California,SRC-0161,High,legacy_id,Promoter-to-event relationship
PR-00766,EDGE-00755,Entity,ENT-0168,ENT-0168,Kushstock Festival,produces,Series,SER-0135,SER-0135,Kushstock Festival,SRC-0162,High,legacy_id,Festival brand/producer relationship
PR-00767,EDGE-00756,Series,SER-0134,SER-0134,Westcoast Lowrider Super Show,occurs_at,Entity,ENT-0014,ENT-0014,Adelanto Plaza & Event Center,SRC-0159,High,canonical_id,Adelanto Plaza / Stadium Way venue relationship
PR-00768,EDGE-00757,Series,SER-0135,SER-0135,Kushstock Festival,occurs_at,Entity,ENT-0014,ENT-0014,Adelanto Plaza & Event Center,SRC-0162,High,canonical_id,Adelanto Plaza / Stadium Way venue relationship
PR-00769,EDGE-00758,Series,SER-0136,SER-0136,Trokalandia California,occurs_at,Entity,ENT-0014,ENT-0014,Adelanto Plaza & Event Center,SRC-0161,High,canonical_id,Adelanto Plaza / Stadium Way venue relationship
PR-00770,EDGE-00759,Series,SER-0137,SER-0137,Rutiando con Los Farmerz,occurs_at,Entity,ENT-0014,ENT-0014,Adelanto Plaza & Event Center,SRC-0160,High,canonical_id,Adelanto Plaza / Stadium Way venue relationship
PR-00771,EDGE-00760,Series,SER-0138,SER-0138,Adelanto Back-to-School Backpack Giveaway,occurs_at,Entity,ENT-0163,ENT-0163,Adelanto Senior Center,SRC-0163,High,canonical_id,2026 event venue
PR-00772,EDGE-00761,Source,SRC-0163,SRC-0163,Assembly District 39 Community Events,supports_series,Series,SER-0138,SER-0138,Adelanto Back-to-School Backpack Giveaway,SRC-0163,High,legacy_id,Official event page
PR-00773,EDGE-00762,Entity,ENT-0158,ENT-0158,We Love Adelanto,aggregates,Place,,,Adelanto community events,SRC-0154,High,literal_place,Resident/community group submission calendar
PR-00774,EDGE-00763,Source,SRC-0165,SRC-0165,Adelanto Heat Youth Football & Cheer,published_by,Entity,ENT-0171,ENT-0171,Adelanto Heat Youth Football & Cheer,SRC-0165,High,canonical_id,First-party producer source
PR-00775,EDGE-00764,Source,SRC-0166,SRC-0166,High Desert Jets Football & Cheer / Youth Programs,published_by,Entity,ENT-0172,ENT-0172,High Desert Jets Football and Cheer Inc.,SRC-0166,High,canonical_id,First-party producer source
PR-00776,EDGE-00765,Source,SRC-0167,SRC-0167,Praise Chapel Adelanto Events,published_by,Entity,ENT-0173,ENT-0173,Praise Chapel Adelanto,SRC-0167,High,canonical_id,First-party producer source
PR-00777,EDGE-00766,Source,SRC-0168,SRC-0168,Christ the Good Shepherd Catholic Church,published_by,Entity,ENT-0174,ENT-0174,Christ the Good Shepherd Catholic Church,SRC-0168,High,canonical_id,First-party producer source
PR-00778,EDGE-00767,Source,SRC-0169,SRC-0169,Detour SoCal — Adelanto Events,published_by,Entity,ENT-0175,ENT-0175,Detour SoCal,SRC-0169,High,canonical_id,First-party producer source
PR-00779,EDGE-00768,Source,SRC-0170,SRC-0170,Hope of a Higher Glory Community Church Events,published_by,Entity,ENT-0176,ENT-0176,Hope of a Higher Glory Community Church,SRC-0170,High,canonical_id,First-party producer source
PR-00780,EDGE-00769,Entity,ENT-0174,ENT-0174,Christ the Good Shepherd Catholic Church,part_of,Entity,,ENT-0238,Roman Catholic Diocese of San Bernardino,SRC-0168,High,entity_resolution_pass,Parish parent organization
PR-00781,EDGE-00770,Entity,ENT-0175,ENT-0175,Detour SoCal,produces,Series,SER-0143,SER-0143,Detour SoCal Mega Night Market — Adelanto,SRC-0169,High,legacy_id,Promoter-to-series relationship
PR-00782,EDGE-00771,Entity,ENT-0175,ENT-0175,Detour SoCal,produces,Series,SER-0144,SER-0144,Detour x TG The Block Party,SRC-0169,High,legacy_id,Promoter-to-series relationship
PR-00783,EDGE-00772,Series,SER-0143,SER-0143,Detour SoCal Mega Night Market — Adelanto,occurs_at,Entity,ENT-0014,ENT-0014,Adelanto Plaza & Event Center,SRC-0169,High,canonical_id,Adelanto Plaza/Stadium venue relationship
PR-00784,EDGE-00773,Series,SER-0144,SER-0144,Detour x TG The Block Party,occurs_at,Entity,ENT-0014,ENT-0014,Adelanto Plaza & Event Center,SRC-0169,High,canonical_id,Adelanto Plaza/Stadium venue relationship
PR-00785,EDGE-00774,Series,SER-0145,SER-0145,Hope of a Higher Glory Anniversary Celebration,occurs_at,Entity,ENT-0014,ENT-0014,Adelanto Plaza & Event Center,SRC-0170,High,canonical_id,Adelanto Plaza/Stadium venue relationship
PR-00786,EDGE-00775,Entity,ENT-0176,ENT-0176,Hope of a Higher Glory Community Church,produces,Series,SER-0145,SER-0145,Hope of a Higher Glory Anniversary Celebration,SRC-0170,High,legacy_id,Church-to-event relationship
PR-00787,EDGE-00776,Entity,ENT-0171,ENT-0171,Adelanto Heat Youth Football & Cheer,produces,Series,SER-0139,SER-0139,Adelanto Heat Football & Cheer Season,SRC-0165,High,legacy_id,League-to-season relationship
PR-00788,EDGE-00777,Source,SRC-0171,SRC-0171,American Legion Leo Collins Post 229 — Adelanto,published_by,Entity,ENT-0177,ENT-0177,American Legion Leo Collins Post 229,SRC-0171,High,canonical_id,Official source relationship
PR-00789,EDGE-00778,Source,SRC-0172,SRC-0172,American Legion Riders Chapter 229 — Adelanto,published_by,Entity,ENT-0178,ENT-0178,American Legion Riders Chapter 229,SRC-0172,High,canonical_id,Official source relationship
PR-00790,EDGE-00779,Source,SRC-0173,SRC-0173,Southern California Timing Association — El Mirage,published_by,Entity,ENT-0179,ENT-0179,Southern California Timing Association,SRC-0173,High,canonical_id,Official source relationship
PR-00791,EDGE-00780,Source,SRC-0174,SRC-0174,BLM El Mirage OHV Recreation Area,published_by,Entity,ENT-0180,ENT-0180,El Mirage OHV Recreation Area,SRC-0174,High,canonical_id,Official source relationship
PR-00792,EDGE-00781,Entity,ENT-0178,ENT-0178,American Legion Riders Chapter 229,part_of,Entity,ENT-0177,ENT-0177,American Legion Leo Collins Post 229,SRC-0172,High,canonical_id,Chapter 229 is based at Adelanto Post 229
PR-00793,EDGE-00782,Entity,ENT-0179,ENT-0179,Southern California Timing Association,organizes,Series,SER-0148,SER-0148,SCTA El Mirage Land-Speed Racing,SRC-0173,High,legacy_id,Sanctioning/organizer relationship
PR-00794,EDGE-00783,Series,SER-0148,SER-0148,SCTA El Mirage Land-Speed Racing,occurs_at,Entity,ENT-0180,ENT-0180,El Mirage OHV Recreation Area,SRC-0173,High,canonical_id,Primary race venue
PR-00795,EDGE-00784,Entity,ENT-0180,ENT-0180,El Mirage OHV Recreation Area,managed_by,Entity,,ENT-0232,Bureau of Land Management — Barstow Field Office,SRC-0174,High,entity_resolution_pass,Federal land/venue authority
PR-00796,EDGE-00785,Entity,ENT-0181,ENT-0181,GBodyFest,produces,Series,SER-0149,SER-0149,GBodyFest Car Show and Hop — Adelanto,SRC-0175,High,legacy_id,Organizer identified in automotive event listing
PR-00797,EDGE-00786,Entity,ENT-0182,ENT-0182,KMC Wheels,presents,Series,SER-0150,SER-0150,Hard Park Car Show — Adelanto,SRC-0175,High,legacy_id,Presenter identified in automotive event listing
PR-00798,EDGE-00787,Series,SER-0149,SER-0149,GBodyFest Car Show and Hop — Adelanto,occurs_at,Entity,ENT-0014,ENT-0014,Adelanto Plaza & Event Center,SRC-0175,High,canonical_id,Adelanto venue relationship
PR-00799,EDGE-00788,Series,SER-0150,SER-0150,Hard Park Car Show — Adelanto,occurs_at,Entity,ENT-0014,ENT-0014,Adelanto Plaza & Event Center,SRC-0175,High,canonical_id,Adelanto venue relationship
PR-00800,EDGE-00789,Source,SRC-0176,SRC-0176,Phelan Piñon Hills Community Services District Events,published_by,Entity,ENT-0183,ENT-0183,Phelan Piñon Hills Community Services District,SRC-0176,High,canonical_id,First-party or canonical source relationship
PR-00801,EDGE-00790,Source,SRC-0178,SRC-0178,Phelan Chamber of Commerce Events,published_by,Entity,ENT-0186,ENT-0186,Phelan Chamber of Commerce,SRC-0178,High,canonical_id,First-party or canonical source relationship
PR-00802,EDGE-00791,Source,SRC-0180,SRC-0180,High Desert Baptist Church — Phelan Events,published_by,Entity,ENT-0187,ENT-0187,High Desert Baptist Church,SRC-0180,High,canonical_id,First-party or canonical source relationship
PR-00803,EDGE-00792,Source,SRC-0181,SRC-0181,Wrightwood Chamber of Commerce Annual Events,published_by,Entity,ENT-0188,ENT-0188,Wrightwood Chamber of Commerce,SRC-0181,High,canonical_id,First-party or canonical source relationship
PR-00804,EDGE-00793,Source,SRC-0182,SRC-0182,Wrightwood Arts Center Events,published_by,Entity,ENT-0189,ENT-0189,Wrightwood Arts Center,SRC-0182,High,canonical_id,First-party or canonical source relationship
PR-00805,EDGE-00794,Source,SRC-0183,SRC-0183,Wrightwood Community Services District / Community Center Events,published_by,Entity,ENT-0190,ENT-0190,Wrightwood Community Services District,SRC-0183,High,canonical_id,First-party or canonical source relationship
PR-00806,EDGE-00795,Source,SRC-0185,SRC-0185,Hillside Community Church Wrightwood Calendar,published_by,Entity,ENT-0192,ENT-0192,Hillside Community Church,SRC-0185,High,canonical_id,First-party or canonical source relationship
PR-00807,EDGE-00796,Source,SRC-0187,SRC-0187,Lucerne Valley Chamber Community Calendar,published_by,Entity,ENT-0194,ENT-0194,Lucerne Valley Chamber of Commerce,SRC-0187,High,canonical_id,First-party or canonical source relationship
PR-00808,EDGE-00797,Source,SRC-0189,SRC-0189,Lucerne Valley Middle/High School Events,published_by,Entity,ENT-0198,ENT-0198,Lucerne Valley Unified School District,SRC-0189,High,canonical_id,First-party or canonical source relationship
PR-00809,EDGE-00798,Source,SRC-0190,SRC-0190,San Bernardino County Special Districts — Lucerne Valley / CSA 29 Events,published_by,Entity,ENT-0199,ENT-0199,San Bernardino County CSA 29 — Lucerne Valley,SRC-0190,High,canonical_id,First-party or canonical source relationship
PR-00810,EDGE-00799,Source,SRC-0192,SRC-0192,Silver Lakes Association Events,published_by,Entity,ENT-0201,ENT-0201,Silver Lakes Association,SRC-0192,High,canonical_id,First-party or canonical source relationship
PR-00811,EDGE-00800,Source,SRC-0193,SRC-0193,Helendale Community Services District Parks & Recreation,published_by,Entity,ENT-0202,ENT-0202,Helendale Community Services District,SRC-0193,High,canonical_id,First-party or canonical source relationship
PR-00812,EDGE-00801,Source,SRC-0194,SRC-0194,Helendale School District Calendar,published_by,Entity,ENT-0204,ENT-0204,Helendale School District,SRC-0194,High,canonical_id,First-party or canonical source relationship
PR-00813,EDGE-00802,Source,SRC-0195,SRC-0195,Oak Hills Municipal Advisory Council,published_by,Entity,ENT-0205,ENT-0205,Oak Hills Municipal Advisory Council,SRC-0195,High,canonical_id,First-party or canonical source relationship
PR-00814,EDGE-00803,Source,SRC-0196,SRC-0196,Oak Hills High School Events,published_by,Entity,ENT-0206,ENT-0206,Oak Hills High School,SRC-0196,High,canonical_id,First-party or canonical source relationship
PR-00815,EDGE-00804,Source,SRC-0197,SRC-0197,Oak Hills Instrumental Music Program,published_by,Entity,ENT-0207,ENT-0207,Oak Hills High School Instrumental Music Program,SRC-0197,High,canonical_id,First-party or canonical source relationship
PR-00816,EDGE-00805,Source,SRC-0198,SRC-0198,The Solid Rock Church — Oak Hills,published_by,Entity,ENT-0208,ENT-0208,The Solid Rock Church,SRC-0198,High,canonical_id,First-party or canonical source relationship
PR-00817,EDGE-00806,Entity,ENT-0184,ENT-0184,Phelan Community Center,part_of,Entity,ENT-0183,ENT-0183,Phelan Piñon Hills Community Services District,SRC-0176,High,canonical_id,Organizational/venue parent relationship
PR-00818,EDGE-00807,Entity,ENT-0185,ENT-0185,Piñon Hills Community Center,part_of,Entity,ENT-0183,ENT-0183,Phelan Piñon Hills Community Services District,SRC-0176,High,canonical_id,Organizational/venue parent relationship
PR-00819,EDGE-00808,Entity,ENT-0191,ENT-0191,Wrightwood Community Center,part_of,Entity,ENT-0190,ENT-0190,Wrightwood Community Services District,SRC-0183,High,canonical_id,Organizational/venue parent relationship
PR-00820,EDGE-00809,Entity,ENT-0193,ENT-0193,Wrightwood Elementary School,part_of,Entity,,ENT-0255,Snowline Joint Unified School District,SRC-0186,High,entity_resolution_pass,Organizational/venue parent relationship
PR-00821,EDGE-00811,Entity,ENT-0196,ENT-0222,Lucerne Valley Lions Club,part_of,Entity,,ENT-0244,Lions Clubs International,SRC-0187,High,entity_resolution_pass,Organizational/venue parent relationship
PR-00822,EDGE-00812,Entity,ENT-0197,ENT-0197,Lucerne Valley Youth Project,part_of,Entity,,ENT-0242,High Desert Community Foundation,SRC-0188,High,entity_resolution_pass,Organizational/venue parent relationship
PR-00823,EDGE-00813,Entity,ENT-0200,ENT-0200,Lucerne Valley Community Center,part_of,Entity,ENT-0199,ENT-0199,San Bernardino County CSA 29 — Lucerne Valley,SRC-0191,High,canonical_id,Organizational/venue parent relationship
PR-00824,EDGE-00814,Entity,ENT-0203,ENT-0203,Helendale Community Park,part_of,Entity,ENT-0202,ENT-0202,Helendale Community Services District,SRC-0193,High,canonical_id,Organizational/venue parent relationship
PR-00825,EDGE-00815,Entity,ENT-0206,ENT-0206,Oak Hills High School,part_of,Entity,,ENT-0241,Hesperia Unified School District,SRC-0196,High,entity_resolution_pass,Organizational/venue parent relationship
PR-00826,EDGE-00816,Entity,ENT-0207,ENT-0207,Oak Hills High School Instrumental Music Program,part_of,Entity,ENT-0206,ENT-0206,Oak Hills High School,SRC-0197,High,canonical_id,Organizational/venue parent relationship
PR-00827,EDGE-00817,Entity,ENT-0186,ENT-0186,Phelan Chamber of Commerce,produces,Series,SER-0153,SER-0153,Phelan Phamily Phun Days,SRC-0178,High,legacy_id,Producer-to-series relationship
PR-00828,EDGE-00818,Entity,ENT-0188,ENT-0188,Wrightwood Chamber of Commerce,produces,Series,SER-0156,SER-0156,Wrightwood Spring Fling,SRC-0181,High,legacy_id,Producer-to-series relationship
PR-00829,EDGE-00819,Entity,ENT-0188,ENT-0188,Wrightwood Chamber of Commerce,produces,Series,SER-0157,SER-0157,Wrightwood Taste of the Village,SRC-0181,High,legacy_id,Producer-to-series relationship
PR-00830,EDGE-00820,Entity,ENT-0188,ENT-0188,Wrightwood Chamber of Commerce,produces,Series,SER-0158,SER-0158,Wrightwood Mountaineer Days,SRC-0181,High,legacy_id,Producer-to-series relationship
PR-00831,EDGE-00821,Entity,ENT-0188,ENT-0188,Wrightwood Chamber of Commerce,produces,Series,SER-0159,SER-0159,Wrightwood Mountain Classic Car Show,SRC-0181,High,legacy_id,Producer-to-series relationship
PR-00832,EDGE-00822,Entity,ENT-0188,ENT-0188,Wrightwood Chamber of Commerce,produces,Series,SER-0160,SER-0160,Wrightwood Chili Cook-Off & Salsa Contest,SRC-0181,High,legacy_id,Producer-to-series relationship
PR-00833,EDGE-00823,Entity,ENT-0188,ENT-0188,Wrightwood Chamber of Commerce,produces,Series,SER-0161,SER-0161,Wrightwood Mountain Holiday Celebration,SRC-0181,High,legacy_id,Producer-to-series relationship
PR-00834,EDGE-00824,Entity,ENT-0189,ENT-0189,Wrightwood Arts Center,produces,Series,SER-0162,SER-0162,Wrightwood Arts Center Fiber Arts Gathering,SRC-0182,High,legacy_id,Producer-to-series relationship
PR-00835,EDGE-00825,Entity,ENT-0189,ENT-0189,Wrightwood Arts Center,produces,Series,SER-0163,SER-0163,Wrightwood Arts Center Art Nights,SRC-0182,High,legacy_id,Producer-to-series relationship
PR-00836,EDGE-00826,Entity,ENT-0190,ENT-0190,Wrightwood Community Services District,produces,Series,SER-0165,SER-0165,Wrightwood Senior Luncheon,SRC-0183,High,legacy_id,Producer-to-series relationship
PR-00837,EDGE-00827,Entity,ENT-0195,ENT-0195,Lucerne Valley Senior Citizens,produces,Series,SER-0167,SER-0167,Lucerne Valley Senior Bingo,SRC-0187,High,legacy_id,Producer-to-series relationship
PR-00838,EDGE-00828,Entity,ENT-0196,ENT-0222,Lucerne Valley Lions Club,produces,Series,SER-0169,SER-0169,Lucerne Valley Lions Club Meeting,SRC-0187,High,legacy_id,Producer-to-series relationship
PR-00839,EDGE-00829,Entity,ENT-0201,ENT-0201,Silver Lakes Association,produces,Series,SER-0171,SER-0171,Silver Lakes Golf Competition Calendar,SRC-0192,High,legacy_id,Producer-to-series relationship
PR-00840,EDGE-00830,Entity,ENT-0202,ENT-0202,Helendale Community Services District,produces,Series,SER-0172,SER-0172,Helendale Concerts in the Park,SRC-0193,High,legacy_id,Producer-to-series relationship
PR-00841,EDGE-00831,Entity,ENT-0205,ENT-0205,Oak Hills Municipal Advisory Council,produces,Series,SER-0175,SER-0175,Oak Hills MAC Meeting,SRC-0195,High,legacy_id,Producer-to-series relationship
PR-00842,EDGE-00832,Entity,ENT-0206,ENT-0206,Oak Hills High School,produces,Series,SER-0176,SER-0176,Oak Hills High School Fall Festival / Trunk-or-Treat,SRC-0196,High,legacy_id,Producer-to-series relationship
PR-00843,EDGE-00833,Entity,ENT-0207,ENT-0207,Oak Hills High School Instrumental Music Program,produces,Series,SER-0177,SER-0177,Oak Hills Marching Band Performance Season,SRC-0197,High,legacy_id,Producer-to-series relationship
PR-00844,EDGE-00834,Series,SER-0151,SER-0151,Phelan Judo Club Classes,occurs_at,Entity,ENT-0184,ENT-0184,Phelan Community Center,SRC-0176,High,canonical_id,Recurring venue relationship
PR-00845,EDGE-00835,Series,SER-0152,SER-0152,Phelan Teen Walk-In Art Studio,occurs_at,Entity,ENT-0184,ENT-0184,Phelan Community Center,SRC-0176,High,canonical_id,Recurring venue relationship
PR-00846,EDGE-00836,Series,SER-0154,SER-0154,Phelan Certified Farmers Market,occurs_at,Entity,ENT-0184,ENT-0184,Phelan Community Center,SRC-0179,High,canonical_id,Recurring venue relationship
PR-00847,EDGE-00837,Series,SER-0164,SER-0164,Wrightwood Certified Farmers Market,occurs_at,Entity,ENT-0191,ENT-0191,Wrightwood Community Center,SRC-0184,High,canonical_id,Recurring venue relationship
PR-00848,EDGE-00838,Series,SER-0165,SER-0165,Wrightwood Senior Luncheon,occurs_at,Entity,ENT-0191,ENT-0191,Wrightwood Community Center,SRC-0183,High,canonical_id,Recurring venue relationship
PR-00849,EDGE-00839,Series,SER-0172,SER-0172,Helendale Concerts in the Park,occurs_at,Entity,ENT-0203,ENT-0203,Helendale Community Park,SRC-0193,High,canonical_id,Recurring venue relationship
PR-00850,EDGE-00840,Source,SRC-0199,SRC-0199,Revival Dance Lab — Piñon Hills,published_by,Entity,ENT-0209,ENT-0209,Revival Dance Lab,SRC-0199,High,canonical_id,Canonical/first-party source relationship
PR-00851,EDGE-00841,Source,SRC-0200,SRC-0200,Phelan/Pinon Hills CERT,published_by,Entity,ENT-0210,ENT-0210,Phelan/Pinon Hills CERT,SRC-0200,High,canonical_id,Canonical/first-party source relationship
PR-00852,EDGE-00842,Source,SRC-0201,SRC-0201,Wrightwood Fire Safe Council,published_by,Entity,ENT-0211,ENT-0211,Wrightwood Fire Safe Council,SRC-0201,High,canonical_id,Canonical/first-party source relationship
PR-00853,EDGE-00843,Source,SRC-0202,SRC-0202,Lucerne Valley Museum & History Association,published_by,Entity,ENT-0212,ENT-0212,Lucerne Valley Museum & History Association,SRC-0202,High,canonical_id,Canonical/first-party source relationship
PR-00854,EDGE-00844,Source,SRC-0203,SRC-0203,Lucerne Valley Roadrunners,published_by,Entity,ENT-0213,ENT-0213,Lucerne Valley Roadrunners,SRC-0203,High,canonical_id,Canonical/first-party source relationship
PR-00855,EDGE-00845,Source,SRC-0204,SRC-0204,Lucerne Valley Root Diggers Genealogy Association,published_by,Entity,ENT-0214,ENT-0214,Lucerne Valley Root Diggers Genealogy Association,SRC-0204,High,canonical_id,Canonical/first-party source relationship
PR-00856,EDGE-00846,Source,SRC-0205,SRC-0205,Lucerne Valley Moose Lodge 2096,published_by,Entity,ENT-0215,ENT-0215,Lucerne Valley Moose Lodge 2096,SRC-0205,High,canonical_id,Canonical/first-party source relationship
PR-00857,EDGE-00847,Source,SRC-0206,SRC-0206,Lucerne Valley Economic Development Association (LVEDA),published_by,Entity,ENT-0216,ENT-0216,Lucerne Valley Economic Development Association,SRC-0206,High,canonical_id,Canonical/first-party source relationship
PR-00858,EDGE-00848,Entity,ENT-0209,ENT-0209,Revival Dance Lab,produces,Series,SER-0178,SER-0178,Revival Dance Lab Annual Recital,SRC-0199,High,legacy_id,Producer-to-series relationship
PR-00859,EDGE-00849,Entity,ENT-0210,ENT-0210,Phelan/Pinon Hills CERT,produces,Series,SER-0179,SER-0179,Phelan/Pinon Hills CERT Basic Training,SRC-0200,High,legacy_id,Producer-to-series relationship
PR-00860,EDGE-00850,Entity,ENT-0211,ENT-0211,Wrightwood Fire Safe Council,produces,Series,SER-0180,SER-0180,Wrightwood Fire Safe Council Meeting,SRC-0201,High,legacy_id,Producer-to-series relationship
PR-00861,EDGE-00851,Entity,ENT-0212,ENT-0212,Lucerne Valley Museum & History Association,produces,Series,SER-0182,SER-0182,Lucerne Valley Museum First Saturday Open Tours,SRC-0202,High,legacy_id,Producer-to-series relationship
PR-00862,EDGE-00852,Entity,ENT-0212,ENT-0212,Lucerne Valley Museum & History Association,produces,Series,SER-0183,SER-0183,Lucerne Valley Museum Evening Desert Series,SRC-0202,High,legacy_id,Producer-to-series relationship
PR-00863,EDGE-00853,Entity,ENT-0213,ENT-0213,Lucerne Valley Roadrunners,produces,Series,SER-0184,SER-0184,Lucerne Valley Roadrunners Meeting,SRC-0203,High,legacy_id,Producer-to-series relationship
PR-00864,EDGE-00854,Entity,ENT-0214,ENT-0214,Lucerne Valley Root Diggers Genealogy Association,produces,Series,SER-0185,SER-0185,Lucerne Valley Root Diggers Meeting,SRC-0204,High,legacy_id,Producer-to-series relationship
PR-00865,EDGE-00855,Entity,ENT-0215,ENT-0215,Lucerne Valley Moose Lodge 2096,produces,Series,SER-0186,SER-0186,Lucerne Valley Moose Lodge Karaoke,SRC-0205,High,legacy_id,Producer-to-series relationship
PR-00866,EDGE-00856,Entity,ENT-0215,ENT-0215,Lucerne Valley Moose Lodge 2096,produces,Series,SER-0187,SER-0187,Lucerne Valley Moose Lodge Community Food Nights,SRC-0205,High,legacy_id,Producer-to-series relationship
PR-00867,EDGE-00857,Entity,ENT-0216,ENT-0216,Lucerne Valley Economic Development Association,produces,Series,SER-0188,SER-0188,LVEDA Community Meeting,SRC-0206,High,legacy_id,Producer-to-series relationship
PR-00868,EDGE-00858,Series,SER-0179,SER-0179,Phelan/Pinon Hills CERT Basic Training,occurs_at,Entity,ENT-0184,ENT-0184,Phelan Community Center,SRC-0200,High,canonical_id,Recurring venue relationship
PR-00869,EDGE-00859,Series,SER-0180,SER-0180,Wrightwood Fire Safe Council Meeting,occurs_at,Entity,ENT-0191,ENT-0191,Wrightwood Community Center,SRC-0201,High,canonical_id,Recurring venue relationship
PR-00870,EDGE-00860,Series,SER-0184,SER-0184,Lucerne Valley Roadrunners Meeting,occurs_at,Entity,ENT-0195,ENT-0195,Lucerne Valley Senior Citizens,SRC-0203,High,canonical_id,Recurring venue relationship
PR-00871,EDGE-00861,Series,SER-0185,SER-0185,Lucerne Valley Root Diggers Meeting,occurs_at,Entity,ENT-0215,ENT-0215,Lucerne Valley Moose Lodge 2096,SRC-0204,High,canonical_id,Recurring venue relationship
PR-00872,EDGE-00862,Series,SER-0186,SER-0186,Lucerne Valley Moose Lodge Karaoke,occurs_at,Entity,ENT-0215,ENT-0215,Lucerne Valley Moose Lodge 2096,SRC-0205,High,canonical_id,Recurring venue relationship
PR-00873,EDGE-00863,Series,SER-0187,SER-0187,Lucerne Valley Moose Lodge Community Food Nights,occurs_at,Entity,ENT-0215,ENT-0215,Lucerne Valley Moose Lodge 2096,SRC-0205,High,canonical_id,Recurring venue relationship
PR-00874,EDGE-00864,Series,SER-0188,SER-0188,LVEDA Community Meeting,occurs_at,Entity,ENT-0215,ENT-0215,Lucerne Valley Moose Lodge 2096,SRC-0206,High,canonical_id,Recurring venue relationship
PR-00875,EDGE-00865,Entity,ENT-0190,ENT-0190,Wrightwood Community Services District,partners_with,Entity,ENT-0211,ENT-0211,Wrightwood Fire Safe Council,SRC-0201,High,canonical_id,Annual green-waste recycling partnership
PR-00876,EDGE-00866,Entity,ENT-0215,ENT-0215,Lucerne Valley Moose Lodge 2096,hosts,Entity,ENT-0214,ENT-0214,Lucerne Valley Root Diggers Genealogy Association,SRC-0205,High,canonical_id,Recurring monthly meeting venue
PR-00877,EDGE-00867,Entity,ENT-0215,ENT-0215,Lucerne Valley Moose Lodge 2096,hosts,Entity,ENT-0216,ENT-0216,Lucerne Valley Economic Development Association,SRC-0206,High,canonical_id,Recurring monthly meeting venue
PR-00878,EDGE-00869,Source,SRC-0207,SRC-0207,Desert Crossroads Garden Club,published_by,Entity,ENT-0217,ENT-0217,Desert Crossroads Garden Club,SRC-0207,High,canonical_id,First-party source relationship
PR-00879,EDGE-00870,Source,SRC-0208,SRC-0208,Wild Wind Ranch Oak Hills,published_by,Entity,ENT-0218,ENT-0218,Wild Wind Ranch Oak Hills,SRC-0208,High,canonical_id,First-party source relationship
PR-00880,EDGE-00871,Entity,ENT-0217,ENT-0217,Desert Crossroads Garden Club,produces,Series,SER-0189,SER-0189,Desert Crossroads Garden Club Meeting,SRC-0207,High,legacy_id,Club-to-recurring-meeting relationship
PR-00881,EDGE-00872,Series,SER-0190,SER-0190,Lucerne Valley American Legion Breakfast,occurs_at,Entity,ENT-0215,ENT-0215,Lucerne Valley Moose Lodge 2096,SRC-0205,High,canonical_id,Weekly breakfast venue
PR-00882,EDGE-00873,Entity,ENT-0215,ENT-0215,Lucerne Valley Moose Lodge 2096,hosts,Series,SER-0190,SER-0190,Lucerne Valley American Legion Breakfast,SRC-0205,High,legacy_id,Chamber lists weekly breakfast at lodge
PR-00883,EDGE-00874,Entity,ENT-0218,ENT-0218,Wild Wind Ranch Oak Hills,produces,Series,SER-0191,SER-0191,Wild Wind Ranch Riding & Family Programs,SRC-0208,High,legacy_id,Ranch-to-program relationship
PR-00884,EDGE-00875,Source,SRC-0209,SRC-0209,Mojave Archers Club & Range,published_by,Entity,ENT-0219,ENT-0219,Mojave Archers,SRC-0209,High,canonical_id,First-party source relationship
PR-00885,EDGE-00876,Source,SRC-0210,SRC-0210,Shine Bright Paint,published_by,Entity,ENT-0220,ENT-0220,Shine Bright Paint,SRC-0210,High,canonical_id,First-party source relationship
PR-00886,EDGE-00877,Source,SRC-0211,SRC-0211,Drawing Together,published_by,Entity,ENT-0221,ENT-0221,Drawing Together,SRC-0211,High,canonical_id,First-party source relationship
PR-00887,EDGE-00878,Source,SRC-0212,SRC-0212,Lucerne Valley Lions Club,published_by,Entity,ENT-0222,ENT-0222,Lucerne Valley Lions Club,SRC-0212,High,canonical_id,First-party source relationship
PR-00888,EDGE-00879,Source,SRC-0213,SRC-0213,Can You Dig It Ranch,published_by,Entity,ENT-0223,ENT-0223,Can You Dig It Ranch,SRC-0213,High,canonical_id,First-party source relationship
PR-00889,EDGE-00880,Entity,ENT-0219,ENT-0219,Mojave Archers,co_produces,Series,SER-0192,SER-0192,Mojave Archers JOAD,SRC-0209,High,legacy_id,Producer/program relationship
PR-00890,EDGE-00881,Entity,ENT-0219,ENT-0219,Mojave Archers,co_produces,Series,SER-0193,SER-0193,Mojave Archers Public Shoots,SRC-0209,High,legacy_id,Producer/program relationship
PR-00891,EDGE-00882,Entity,ENT-0220,ENT-0220,Shine Bright Paint,co_produces,Series,SER-0194,SER-0194,Phelan CSD Painting Classes,SRC-0210,High,legacy_id,Producer/program relationship
PR-00892,EDGE-00883,Entity,ENT-0221,ENT-0221,Drawing Together,co_produces,Series,SER-0195,SER-0195,Phelan Kids Maker Series / Creative Lab,SRC-0211,High,legacy_id,Producer/program relationship
PR-00893,EDGE-00884,Entity,ENT-0222,ENT-0222,Lucerne Valley Lions Club,co_produces,Series,SER-0196,SER-0196,Lucerne Valley Lions Club Dinner Meeting,SRC-0212,High,legacy_id,Producer/program relationship
PR-00894,EDGE-00885,Entity,ENT-0223,ENT-0223,Can You Dig It Ranch,co_produces,Series,SER-0197,SER-0197,Can You Dig It Ranch Equine Programs,SRC-0213,High,legacy_id,Producer/program relationship
PR-00895,EDGE-00886,Series,SER-0192,SER-0192,Mojave Archers JOAD,occurs_at,Entity,ENT-0219,ENT-0219,Mojave Archers,SRC-0209,High,canonical_id,Recurring venue relationship
PR-00896,EDGE-00887,Series,SER-0193,SER-0193,Mojave Archers Public Shoots,occurs_at,Entity,ENT-0219,ENT-0219,Mojave Archers,SRC-0209,High,canonical_id,Recurring venue relationship
PR-00897,EDGE-00888,Series,SER-0194,SER-0194,Phelan CSD Painting Classes,occurs_at,Entity,ENT-0184,ENT-0184,Phelan Community Center,SRC-0210,High,canonical_id,Recurring venue relationship
PR-00898,EDGE-00889,Series,SER-0195,SER-0195,Phelan Kids Maker Series / Creative Lab,occurs_at,Entity,ENT-0184,ENT-0184,Phelan Community Center,SRC-0211,High,canonical_id,Recurring venue relationship
PR-00899,EDGE-00890,Entity,ENT-0183,ENT-0183,Phelan Piñon Hills Community Services District,partners_with,Entity,ENT-0219,ENT-0219,Mojave Archers,SRC-0176,High,canonical_id,CSD youth archery classes are hosted by Mojave Archers
PR-00900,EDGE-00891,Entity,ENT-0183,ENT-0183,Phelan Piñon Hills Community Services District,partners_with,Entity,ENT-0220,ENT-0220,Shine Bright Paint,SRC-0176,High,canonical_id,CSD painting classes use Shine Bright Paint
PR-00901,EDGE-00892,Entity,ENT-0183,ENT-0183,Phelan Piñon Hills Community Services District,partners_with,Entity,ENT-0221,ENT-0221,Drawing Together,SRC-0176,High,canonical_id,CSD 2026 Creative Lab partnership
PR-00902,EDGE-00893,Entity,ENT-0196,ENT-0222,Lucerne Valley Lions Club,same_as,Entity,ENT-0222,ENT-0222,Lucerne Valley Lions Club,SRC-0212,High,canonical_id,First-party enrichment of earlier chamber-derived entity
